date,open,close,high,low,volume,code
2020-01-02,10.0143,10.0929,10.1929,9.9429,2938569.0,603903
2020-01-03,10.0857,10.1071,10.1786,9.9714,2370704.0,603903
2020-01-06,10.0571,10.15,10.1786,10.0429,2560712.0,603903
2020-01-07,10.1714,10.1929,10.2071,10.1286,2391732.0,603903
2020-01-08,9.9929,9.9929,9.9929,9.9929,3791960.0,603903
2020-01-09,9.9929,10.1857,10.25,9.9929,3298064.0,603903
2020-01-10,10.2286,10.1071,10.2714,10.0714,2075080.0,603903
2020-01-13,10.1571,10.1571,10.1571,10.1571,4388328.0,603903
2020-01-14,10.5214,10.5214,10.5214,10.5214,8640150.0,603903
2020-01-15,10.5214,10.2571,10.5214,10.2,4603309.0,603903
2020-01-16,10.2571,10.0857,10.2857,10.0643,3112351.0,603903
2020-01-17,10.1071,10.0357,10.1929,9.9643,2670819.0,603903
2020-01-20,10.0357,10.1143,10.1214,10.0357,1776212.0,603903
2020-01-21,10.0786,9.8357,10.0786,9.8286,2746272.0,603903
2020-01-22,9.7929,9.9,9.9714,9.7143,1878128.0,603903
2020-01-23,9.7929,9.6071,9.9214,9.4571,2402456.0,603903
2020-02-03,8.65,8.65,8.65,8.65,930160.0,603903
2020-02-04,7.7929,8.3143,8.3929,7.7929,3618567.0,603903
2020-02-05,8.3357,8.4143,8.5429,8.2714,2353160.0,603903
2020-02-06,8.4286,8.7429,8.8286,8.4214,3410880.0,603903
2020-02-07,8.7929,9.2,9.2571,8.65,4260372.0,603903
2020-02-10,9.1214,9.2071,9.4,9.0571,3842319.0,603903
2020-02-11,9.1786,9.0286,9.2286,9.0071,2576560.0,603903
2020-02-12,9.0714,9.1286,9.1786,9.0214,1721960.0,603903
2020-02-13,9.1786,8.9857,9.1786,8.8786,2470748.0,603903
2020-02-14,8.95,8.9714,9.0714,8.9143,1544160.0,603903
2020-02-17,8.9786,9.1714,9.1929,8.9786,2486008.0,603903
2020-02-18,9.1714,9.2214,9.2714,9.1071,2831295.0,603903
2020-02-19,9.2643,9.2857,9.55,9.1929,3494971.0,603903
2020-02-20,9.2286,9.3429,9.3786,9.1643,3288020.0,603903
2020-02-21,9.3571,9.3429,9.4143,9.2929,3185436.0,603903
2020-02-24,9.3,9.4714,9.5071,9.2643,3996935.0,603903
2020-02-25,9.2071,9.3,9.4214,9.0357,3868583.0,603903
2020-02-26,9.1786,9.2429,9.4429,9.1429,3147816.0,603903
2020-02-27,9.2929,9.6357,9.7143,9.2643,6331760.0,603903
2020-02-28,9.3286,9.0714,9.4643,9.0714,5141544.0,603903
2020-03-02,8.9857,9.3786,9.45,8.9857,3799474.0,603903
2020-03-03,9.4929,9.45,9.7714,9.4,5352057.0,603903
2020-03-04,9.5429,9.7,9.7143,9.5,4676280.0,603903
2020-03-05,9.7429,9.8357,10.0714,9.65,6052064.0,603903
2020-03-06,9.75,9.9714,10.1286,9.5857,5962903.0,603903
2020-03-09,9.7714,9.7357,9.9929,9.6857,4521091.0,603903
2020-03-10,9.5643,9.85,9.9143,9.3929,3963608.0,603903
2020-03-11,9.85,9.6786,9.9286,9.6786,3279855.0,603903
2020-03-12,9.5,9.5714,9.7429,9.5,2613352.0,603903
2020-03-13,9.1071,9.2286,9.4,8.95,3609720.0,603903
2020-03-16,9.2786,8.95,9.4714,8.9357,3247424.0,603903
2020-03-17,8.9714,8.8786,9.0929,8.4571,2674168.0,603903
2020-03-18,8.9857,8.7286,9.1,8.7286,2311204.0,603903
2020-03-19,8.7071,8.7643,8.8571,8.4857,2817439.0,603903
2020-03-20,8.7643,8.9714,9.0429,8.7643,2580004.0,603903
2020-03-23,8.85,8.7786,9.1429,8.7643,2334444.0,603903
2020-03-24,8.9143,8.8929,8.95,8.6857,1897504.0,603903
2020-03-25,9.0643,9.0429,9.1429,8.9643,1948128.0,603903
2020-03-26,9.0357,9.0429,9.2286,9.0143,1967697.0,603903
2020-03-27,9.1,9.1286,9.2214,9.0071,1985928.0,603903
2020-03-30,8.9214,8.9,9.0071,8.7857,1950116.0,603903
2020-03-31,8.95,8.9143,9.0857,8.8714,1310869.0,603903
2020-04-01,8.8929,8.7857,8.9714,8.7357,1501229.0,603903
2020-04-02,8.7929,8.8786,8.9071,8.75,1209152.0,603903
2020-04-03,8.8571,8.7786,8.9571,8.7571,1181192.0,603903
2020-04-07,8.8929,9.0357,9.0714,8.8571,1736196.0,603903
2020-04-08,9.0,9.0857,9.15,8.9714,1687224.0,603903
2020-04-09,9.1286,9.15,9.2643,9.0857,1801884.0,603903
2020-04-10,9.1643,9.0,9.2429,8.7857,1779764.0,603903
2020-04-13,9.0,8.8786,9.0571,8.85,2108792.0,603903
2020-04-14,8.8786,9.0643,9.0714,8.8786,1674764.0,603903
2020-04-15,9.0643,8.9714,9.1429,8.9571,2044336.0,603903
2020-04-16,8.95,9.2571,9.4143,8.8643,3559668.0,603903
2020-04-17,9.5,9.5857,9.8357,9.3786,8440712.0,603903
2020-04-20,9.4857,9.8857,9.9857,9.4786,6930616.0,603903
2020-04-21,9.8786,10.0929,10.15,9.7857,7185812.0,603903
2020-04-22,10.0,10.0071,10.1,9.8929,5730256.0,603903
2020-04-23,10.0071,10.0714,10.3286,9.9286,5735003.0,603903
2020-04-24,10.0643,10.0571,10.2643,10.0071,5154408.0,603903
2020-04-27,10.2857,10.0857,10.5,9.9571,6309576.0,603903
2020-04-28,10.0,9.9143,10.1286,9.6286,6698216.0,603903
2020-04-29,9.9714,10.0214,10.2643,9.8786,5855151.0,603903
2020-04-30,10.5,10.8214,10.9857,10.2214,15213574.0,603903
2020-05-06,10.7143,11.1286,11.4286,10.6857,12946641.0,603903
2020-05-07,11.1857,11.2071,11.3429,11.0357,9490047.0,603903
2020-05-08,11.3286,11.6571,11.7643,11.1714,9715160.0,603903
2020-05-11,11.6429,11.8571,11.9286,11.5357,7634088.0,603903
2020-05-12,11.8429,11.6786,12.0571,11.5214,7145450.0,603903
2020-05-13,11.7071,11.7,11.8,11.5714,4446702.0,603903
2020-05-14,11.6714,11.7286,11.9,11.4857,4608482.0,603903
2020-05-15,11.5643,12.6571,12.8429,11.5643,10635903.0,603903
2020-05-18,12.5714,12.5786,12.9857,12.45,7929544.0,603903
2020-05-19,12.75,12.4357,12.7714,12.3929,4469444.0,603903
2020-05-20,12.5071,12.7143,12.9286,12.2857,7122360.0,603903
2020-05-21,12.9214,12.0857,12.9571,12.0857,6830796.0,603903
2020-05-22,11.8857,11.8857,12.4857,11.8,7067863.0,603903
2020-05-25,12.0,11.9571,12.5143,11.7357,7089012.0,603903
2020-05-26,12.0214,12.2714,12.3857,11.8929,6073592.0,603903
2020-05-27,12.2,11.9143,12.2,11.8571,3947412.0,603903
2020-05-28,11.8,12.0,12.1071,11.7286,4062037.0,603903
2020-05-29,11.9857,12.1643,12.3357,11.9,4003664.0,603903
2020-06-01,12.1714,12.5,12.5714,12.1714,5369448.0,603903
2020-06-02,12.4286,12.1929,12.6286,12.1643,5832166.0,603903
2020-06-03,12.1929,12.0286,12.2214,11.8929,4827144.0,603903
2020-06-04,12.0714,11.9214,12.1286,11.9071,2588012.0,603903
2020-06-05,11.8571,12.0143,12.0143,11.7214,4221028.0,603903
2020-06-08,12.0,11.6429,12.0357,11.4643,5964308.0,603903
2020-06-09,11.6429,11.9071,11.9714,11.5357,4230268.0,603903
2020-06-10,11.8571,11.7143,11.95,11.6929,3017051.0,603903
2020-06-11,11.8214,12.2786,12.85,11.7857,10626467.0,603903
2020-06-12,12.1429,11.8786,12.4143,11.8429,7234064.0,603903
2020-06-15,11.85,11.4857,11.8571,11.4286,6461201.0,603903
2020-06-16,11.6571,11.6286,11.6857,11.4286,3806068.0,603903
2020-06-17,11.6429,11.9071,11.9929,11.5929,4496856.0,603903
2020-06-18,11.8643,13.1,13.1,11.7929,17341090.0,603903
2020-06-19,13.2,13.9429,14.05,13.1643,20012020.0,603903
2020-06-22,13.65,12.8214,13.6714,12.6786,17557932.0,603903
2020-06-23,12.6786,12.75,12.9643,12.5143,8929746.0,603903
2020-06-24,12.7286,12.6429,12.8357,12.4929,4831628.0,603903
2020-06-29,12.65,12.9643,13.2143,12.4857,7148139.0,603903
2020-06-30,13.2071,12.9786,13.2071,12.8643,5451401.0,603903
2020-07-01,13.0786,12.6071,13.1429,12.4357,7222488.0,603903
2020-07-02,12.5929,12.7,12.7571,12.4643,5149867.0,603903
2020-07-03,12.7071,13.0,13.0214,12.5714,5487689.0,603903
2020-07-06,13.1714,13.5571,13.6286,13.1571,8834403.0,603903
2020-07-07,13.7143,13.8929,14.1286,13.2357,10072391.0,603903
2020-07-08,13.8429,13.6571,13.8571,13.5,8105111.0,603903
2020-07-09,13.6571,13.7214,13.85,13.5643,8382129.0,603903
2020-07-10,13.6857,14.4571,14.8357,13.6143,12707660.0,603903
2020-07-13,14.5475,14.7184,14.8491,14.276,8185700.0,603903
2020-07-14,14.4972,13.7533,14.4972,13.5622,13989846.0,603903
2020-07-15,13.8538,13.1701,13.9744,13.0797,9526278.0,603903
2020-07-16,13.1802,12.9791,13.5723,12.8786,8014888.0,603903
2020-07-17,13.0696,13.512,13.6226,13.0193,7527088.0,603903
2020-07-20,13.5723,13.6326,13.9543,13.3712,9967934.0,603903
2020-07-21,13.5723,13.3712,13.5723,13.2506,5667866.0,603903
2020-07-22,13.3813,13.321,13.4919,13.2506,5841976.0,603903
2020-07-23,13.2104,12.9389,13.2204,12.577,7249956.0,603903
2020-07-24,12.8183,12.3156,13.14,12.2955,5834838.0,603903
2020-07-27,12.2754,12.1748,12.4262,11.8632,3443468.0,603903
2020-07-28,12.2452,12.2955,12.4563,12.1648,2902556.0,603903
2020-07-29,12.205,12.5971,12.6071,12.0442,3497875.0,603903
2020-07-30,12.5468,12.5267,12.8082,12.4664,3357951.0,603903
2020-07-31,12.4865,12.587,12.7177,12.4061,2697764.0,603903
2020-08-03,12.6675,13.4014,13.4516,12.6675,7506676.0,603903
2020-08-04,13.4114,13.2807,13.4919,13.2204,4710342.0,603903
2020-08-05,13.2807,13.512,13.7231,13.0897,6295599.0,603903
2020-08-06,13.4114,13.4114,13.4818,13.2003,3992852.0,603903
2020-08-07,13.3712,13.14,13.512,12.949,4066810.0,603903
2020-08-10,13.1701,13.3612,13.512,13.1098,4548830.0,603903
2020-08-11,13.3411,13.1299,13.4617,13.0897,4195334.0,603903
2020-08-12,13.0797,12.6876,13.0897,12.4463,4981884.0,603903
2020-08-13,12.6474,12.5971,12.758,12.5468,2755452.0,603903
2020-08-14,12.587,12.768,12.7781,12.2854,3571869.0,603903
2020-08-17,12.768,12.9289,12.9791,12.6976,3717605.0,603903
2020-08-18,12.8685,12.949,13.0696,12.8484,3056212.0,603903
2020-08-19,12.9992,12.7278,13.0093,12.7278,2719047.0,603903
2020-08-20,12.7278,12.5468,12.7378,12.5066,1929940.0,603903
2020-08-21,12.587,12.6071,12.7781,12.5066,1909968.0,603903
2020-08-24,12.6273,12.6775,12.7278,12.4865,1507292.0,603903
2020-08-25,12.6775,12.9892,12.9892,12.6373,2760119.0,603903
2020-08-26,12.9088,13.2707,13.4919,12.8183,7433978.0,603903
2020-08-27,13.1601,13.5421,13.5723,13.0897,6018836.0,603903
2020-08-28,13.3712,13.2104,13.5321,13.0193,6258413.0,603903
2020-08-31,13.1601,13.0696,13.2405,13.0294,4057365.0,603903
2020-09-01,13.0395,12.949,13.0395,12.7881,2821281.0,603903
2020-09-02,12.9791,13.0294,13.0495,12.8987,2530750.0,603903
2020-09-03,13.0093,12.6876,13.0294,12.6775,3039716.0,603903
2020-09-04,12.5267,12.6574,12.6876,12.2955,2364417.0,603903
2020-09-07,12.6273,12.5167,12.7982,12.4362,2443288.0,603903
2020-09-08,12.577,12.5167,12.6071,12.3558,2063072.0,603903
2020-09-09,12.3759,12.1045,12.4362,12.1045,3020940.0,603903
2020-09-10,12.1346,11.5113,12.195,11.5113,3455046.0,603903
2020-09-11,11.5616,11.642,11.7023,11.3806,1846402.0,603903
2020-09-14,11.6521,11.8129,11.8431,11.6521,1763395.0,603903
2020-09-15,11.8431,11.7124,11.8632,11.6118,1549026.0,603903
2020-09-16,11.8632,11.7425,11.8632,11.6923,1056921.0,603903
2020-09-17,11.7325,11.7627,11.8431,11.5817,1225300.0,603903
2020-09-18,11.7425,11.9336,11.9336,11.6923,1560763.0,603903
2020-09-21,11.9336,11.8833,11.9838,11.8129,1152888.0,603903
2020-09-22,11.8431,11.5917,11.8531,11.5013,1592964.0,603903
2020-09-23,11.6018,11.642,11.7023,11.5515,794672.0,603903
2020-09-24,11.5616,11.27,11.6018,11.1896,1750788.0,603903
2020-09-25,11.27,11.3806,11.3806,11.1494,1453496.0,603903
2020-09-28,11.3102,11.4007,11.4711,11.2801,988420.0,603903
2020-09-29,11.4108,11.6219,11.6923,11.3706,1185273.0,603903
2020-09-30,11.7425,11.632,11.7425,11.5716,813321.0,603903
2020-10-09,11.7224,11.7526,11.8129,11.7124,1174096.0,603903
2020-10-12,11.7626,12.1246,12.195,11.7626,2481377.0,603903
2020-10-13,12.195,12.0441,12.195,11.9738,1529953.0,603903
2020-10-14,12.0441,11.823,12.0643,11.7828,1244180.0,603903
2020-10-15,11.8129,11.7325,11.8431,11.6822,1461337.0,603903
2020-10-16,11.7325,11.6822,11.7425,11.6219,959100.0,603903
2020-10-19,11.6219,11.4409,11.7325,11.4208,1640420.0,603903
2020-10-20,11.5113,11.5616,11.5616,11.3706,998600.0,603903
2020-10-21,11.5616,11.27,11.5817,11.26,2069229.0,603903
2020-10-22,11.3102,11.3907,11.461,11.1896,1032648.0,603903
2020-10-23,11.3907,11.26,11.5214,11.2298,1112668.0,603903
2020-10-26,11.26,11.2499,11.3203,11.1594,821028.0,603903
2020-10-27,11.2499,11.26,11.3102,11.1795,682192.0,603903
2020-10-28,11.2901,11.3907,11.4208,11.1594,1110768.0,603903
2020-10-29,11.2198,11.3203,11.3505,11.1997,1136192.0,603903
2020-10-30,11.3505,11.0187,11.4108,10.9986,1988668.0,603903
2020-11-02,11.0589,11.0891,11.0891,10.7975,1529493.0,603903
2020-11-03,11.0891,11.3303,11.3505,10.9684,1289576.0,603903
2020-11-04,11.3303,11.26,11.3806,11.2499,853200.0,603903
2020-11-05,11.3505,11.3404,11.3605,11.1997,1318915.0,603903
2020-11-06,11.3404,11.2399,11.3404,11.0991,1220592.0,603903
2020-11-09,11.27,11.3706,11.4309,11.27,1931008.0,603903
2020-11-10,11.4108,11.5013,11.5214,11.3303,2164340.0,603903
2020-11-11,11.4409,11.3505,11.4912,11.3404,1481008.0,603903
2020-11-12,11.3706,11.7425,11.8431,11.2801,3561602.0,603903
2020-11-13,11.6118,11.8933,12.024,11.5515,4184115.0,603903
2020-11-16,11.8431,11.9436,12.1346,11.7727,3099360.0,603903
2020-11-17,11.9336,11.6621,11.9336,11.6118,2342038.0,603903
2020-11-18,11.7124,11.642,11.823,11.5515,1399770.0,603903
2020-11-19,11.642,11.632,11.7023,11.5314,1743016.0,603903
2020-11-20,11.5917,11.6822,11.6923,11.5415,1570776.0,603903
2020-11-23,11.642,11.6521,11.7526,11.5415,1633591.0,603903
2020-11-24,11.6521,11.8933,11.9135,11.5917,2842077.0,603903
2020-11-25,11.8833,11.833,12.1447,11.823,3066646.0,603903
2020-11-26,11.8531,11.7526,11.9135,11.5917,1444122.0,603903
2020-11-27,11.7627,11.6219,11.8531,11.5716,1944936.0,603903
2020-11-30,11.642,12.1145,12.2955,11.5716,5322330.0,603903
2020-12-01,12.1145,12.1246,12.1447,11.9637,2746596.0,603903
2020-12-02,12.1045,12.1145,12.1346,11.9939,1538735.0,603903
2020-12-03,12.1648,12.4061,12.5066,12.1547,4951844.0,603903
2020-12-04,12.4061,12.3558,12.4463,12.2553,1994867.0,603903
2020-12-07,12.3357,11.8732,12.4664,11.8431,4189932.0,603903
2020-12-08,11.8632,11.7124,11.8632,11.7023,2223776.0,603903
2020-12-09,11.7627,11.4007,11.7627,11.3505,2611004.0,603903
2020-12-10,11.3605,11.3907,11.4912,11.2901,1056620.0,603903
2020-12-11,11.4409,11.3203,11.4812,11.2198,1632140.0,603903
2020-12-14,11.3605,11.4208,11.4409,11.27,790756.0,603903
2020-12-15,11.3706,11.4208,11.5214,11.26,1131600.0,603903
2020-12-16,11.4108,11.2801,11.4108,11.26,804740.0,603903
2020-12-17,11.2801,11.1997,11.3102,10.1641,2213608.0,603903
2020-12-18,11.2298,10.9081,11.2801,10.8679,1721900.0,603903
2020-12-21,10.8578,11.0488,11.1192,10.8578,1268680.0,603903
2020-12-22,11.0388,10.6869,11.0388,10.6869,1920228.0,603903
2020-12-23,10.5462,10.1641,10.5462,10.1541,3059568.0,603903
2020-12-24,10.2345,9.8022,10.2345,9.772,2321288.0,603903
2020-12-25,9.7519,10.325,10.4557,9.7519,2367940.0,603903
2020-12-28,10.325,10.325,10.325,10.325,0.0,603903
2020-12-29,10.325,10.325,10.325,10.325,0.0,603903
2020-12-30,11.0589,11.3605,11.3605,11.0589,2818476.0,603903
2020-12-31,11.5616,11.0589,11.7626,10.888,5639441.0,603903
2021-01-04,10.8779,10.9483,11.0086,10.7472,3381708.0,603903
2021-01-05,10.8076,10.5864,10.8679,10.5562,2713228.0,603903
2021-01-06,10.4758,10.5763,10.697,10.4155,1873052.0,603903
2021-01-07,10.4054,10.1239,10.4758,10.0938,2149548.0,603903
2021-01-08,10.0535,10.2446,10.3049,9.8826,1416816.0,603903
2021-01-11,10.2144,10.0133,10.2245,9.953,1488436.0,603903
2021-01-12,10.0033,10.5864,10.7573,10.0033,2895812.0,603903
2021-01-13,10.5864,10.516,10.8578,10.4557,2522450.0,603903
2021-01-14,10.7573,10.6165,10.8076,10.516,1640054.0,603903
2021-01-15,10.6266,10.6467,10.7472,10.506,1656850.0,603903
2021-01-18,10.6467,10.8578,11.0488,10.6467,2187373.0,603903
2021-01-19,10.7875,10.8679,11.0086,10.7875,1419462.0,603903
2021-01-20,10.9885,10.8176,10.9885,10.697,1326792.0,603903
2021-01-21,10.8277,10.7875,10.888,10.6668,1506472.0,603903
2021-01-22,10.898,10.6165,10.898,10.6165,1179174.0,603903
2021-01-25,10.3451,10.2647,10.5462,10.1842,1372468.0,603903
2021-01-26,10.1541,10.1641,10.3753,10.0938,926396.0,603903
2021-01-27,10.1641,10.1943,10.2446,10.1038,864740.0,603903
2021-01-28,10.0837,10.0737,10.1742,10.0636,810152.0,603903
2021-01-29,10.0737,10.0636,10.1541,9.953,1046320.0,603903
2021-02-01,10.0334,10.1038,10.134,9.9932,659868.0,603903
2021-02-02,10.1038,10.0837,10.1943,10.0033,886780.0,603903
2021-02-03,10.0636,9.8324,10.0938,9.762,1360564.0,603903
2021-02-04,9.8123,9.6916,9.953,9.6011,1089884.0,603903
2021-02-05,9.7017,9.6816,9.8324,9.6414,798276.0,603903
2021-02-08,9.6816,9.6615,9.8022,9.6112,605524.0,603903
2021-02-09,9.7017,9.772,9.8022,9.6112,640492.0,603903
2021-02-10,9.7519,10.0535,10.335,9.7318,1655257.0,603903
2021-02-18,10.1038,10.2345,10.2848,10.1038,1174008.0,603903
2021-02-19,10.4255,10.6065,10.6869,10.2245,1589472.0,603903
2021-02-22,10.6065,10.5663,10.8578,10.5361,1684325.0,603903
2021-02-23,10.5964,10.4456,10.6869,10.4054,1176693.0,603903
2021-02-24,10.3451,10.506,10.6065,10.3451,985812.0,603903
2021-02-25,10.6065,10.4758,10.6165,10.4557,800848.0,603903
2021-02-26,10.4356,10.6568,10.7271,10.0535,1768996.0,603903
2021-03-01,10.8377,10.898,10.9885,10.7271,1819028.0,603903
2021-03-02,10.9986,11.1896,11.4208,10.9483,4336215.0,603903
2021-03-03,11.1594,11.0589,11.1594,10.8377,2443358.0,603903
2021-03-04,10.9383,10.9282,11.0589,10.8779,1545732.0,603903
2021-03-05,10.9182,10.9483,11.069,10.8779,1201527.0,603903
2021-03-08,11.0187,10.8779,11.0388,10.8779,1581736.0,603903
2021-03-09,10.8779,10.6869,10.9986,10.5763,1926895.0,603903
2021-03-10,10.7774,10.6769,10.8377,10.6266,771212.0,603903
2021-03-11,10.707,10.7875,10.8277,10.5763,1373786.0,603903
2021-03-12,10.8779,10.8377,10.9584,10.6668,1583008.0,603903
2021-03-15,10.9081,11.069,11.2097,10.8176,2257233.0,603903
2021-03-16,11.2198,11.3605,11.3907,11.0388,3928875.0,603903
2021-03-17,11.2097,11.1192,11.27,11.1192,1893534.0,603903
2021-03-18,11.1192,11.2499,11.3505,11.1092,1523161.0,603903
2021-03-19,11.1594,11.2399,11.461,11.0891,2090746.0,603903
2021-03-22,11.2801,11.5314,11.6018,11.2801,2796517.0,603903
2021-03-23,11.5917,11.6219,11.8129,11.3404,3487274.0,603903
2021-03-24,11.6219,11.8531,11.9135,11.4309,4020147.0,603903
2021-03-25,11.8833,11.2298,11.8933,11.2097,3860227.0,603903
2021-03-26,11.1594,11.7526,12.3558,11.1393,10122445.0,603903
2021-03-29,11.5616,11.4711,11.6621,11.3303,6459330.0,603903
2021-03-30,11.3706,11.3605,11.5113,11.2399,3027128.0,603903
2021-03-31,11.3605,12.1849,12.4664,11.2298,9645240.0,603903
2021-04-01,12.1447,11.7627,12.1547,11.7224,6339801.0,603903
2021-04-02,11.7526,11.7124,11.8632,11.5716,3835615.0,603903
2021-04-06,11.7124,11.6923,11.7828,11.5214,2220497.0,603903
2021-04-07,11.6923,11.6219,11.7928,11.5616,2036306.0,603903
2021-04-08,11.6219,11.3002,11.6923,11.27,3310999.0,603903
2021-04-09,11.3605,11.2801,11.4108,11.2499,1882669.0,603903
2021-04-12,11.27,11.26,11.4108,11.1393,1871149.0,603903
2021-04-13,11.26,11.3203,11.3605,11.0991,1990328.0,603903
2021-04-14,11.3605,11.2198,11.3605,11.1393,1936564.0,603903
2021-04-15,11.2198,11.1997,11.2801,11.1594,1315714.0,603903
2021-04-16,11.2499,11.3002,11.3404,11.1393,1659151.0,603903
2021-04-19,11.3002,11.3605,11.461,11.2499,2104308.0,603903
2021-04-20,11.3203,11.2499,11.4409,11.2499,1326268.0,603903
2021-04-21,11.1795,11.1896,11.2499,11.0991,1285520.0,603903
2021-04-22,11.1795,11.1494,11.2198,11.1293,1222653.0,603903
2021-04-23,11.1594,10.8779,11.2097,10.8377,2491856.0,603903
2021-04-26,11.0287,10.9282,11.079,10.9282,1054556.0,603903
2021-04-27,10.8679,10.7372,10.898,10.7372,1134276.0,603903
2021-04-28,10.7271,10.6769,10.8076,10.6266,1208056.0,603903
2021-04-29,10.5663,10.707,10.7573,10.5663,814084.0,603903
2021-04-30,10.6367,10.4356,10.7573,10.3954,1752896.0,603903
2021-05-06,10.4356,10.2747,10.4456,10.1541,1746877.0,603903
2021-05-07,10.2747,10.2044,10.3853,10.1742,1179436.0,603903
2021-05-10,10.1842,10.2647,10.4356,10.1842,1277734.0,603903
2021-05-11,10.2647,10.4054,10.4054,10.2245,1033632.0,603903
2021-05-12,10.3652,10.697,10.707,10.3149,1577040.0,603903
2021-05-13,10.6367,10.4959,10.7372,10.4657,1330872.0,603903
2021-05-14,10.4959,10.7472,10.8076,10.4959,1889872.0,603903
2021-05-17,10.6869,10.4859,10.7573,10.4758,1380904.0,603903
2021-05-18,10.6266,10.4859,10.6266,10.4255,651920.0,603903
2021-05-19,10.4959,10.5462,10.6668,10.4255,920753.0,603903
2021-05-20,10.5462,10.325,10.5462,10.2647,1308996.0,603903
2021-05-21,10.335,10.2948,10.3954,10.2747,673233.0,603903
2021-05-24,10.3451,10.325,10.4155,10.2948,694572.0,603903
2021-05-25,10.3853,10.335,10.3853,10.2747,1130567.0,603903
2021-05-26,10.4155,10.3753,10.4255,10.325,1009874.0,603903
2021-05-27,10.3552,10.5361,10.5361,10.3552,1294687.0,603903
2021-05-28,10.5361,10.325,10.5663,10.3149,1321488.0,603903
2021-05-31,10.3753,10.506,10.5361,10.2948,1139389.0,603903
2021-06-01,10.506,10.4959,10.5261,10.4155,1029508.0,603903
2021-06-02,10.5361,10.4255,10.5361,10.4155,672556.0,603903
2021-06-03,10.4054,10.4456,10.5462,10.4054,809832.0,603903
2021-06-04,10.4255,10.3652,10.4456,10.325,895512.0,603903
2021-06-07,10.3552,10.3853,10.4054,10.3049,544034.0,603903
2021-06-08,10.2245,9.9731,10.2948,9.8223,4415842.0,603903
2021-06-09,9.953,9.943,10.0133,9.8525,1091988.0,603903
2021-06-10,9.9932,9.9832,10.0234,9.943,872743.0,603903
2021-06-11,9.9932,10.0535,10.0938,9.953,1317909.0,603903
2021-06-15,10.1139,9.8726,10.1139,9.8324,1229767.0,603903
2021-06-16,9.9027,9.8726,9.9329,9.8123,685176.0,603903
2021-06-17,9.8726,9.9229,10.0234,9.8726,715910.0,603903
2021-06-18,9.9329,9.953,9.9731,9.8625,960780.0,603903
2021-06-21,9.953,9.9832,9.9932,9.8726,742943.0,603903
2021-06-22,9.953,10.0535,10.0737,9.943,897708.0,603903
2021-06-23,10.0938,10.1742,10.2245,10.0636,1194717.0,603903
2021-06-24,10.1742,10.0535,10.1742,10.0234,939962.0,603903
2021-06-25,10.0636,10.0435,10.1038,10.0033,853852.0,603903
2021-06-28,10.0737,9.953,10.1038,9.943,1099393.0,603903
2021-06-29,10.034,9.9125,10.0543,9.9125,1014832.0,603903
2021-06-30,9.9226,10.0543,10.0948,9.8416,976152.0,603903
2021-07-01,10.1049,10.1353,10.1758,9.9834,1179642.0,603903
2021-07-02,10.2163,10.0239,10.2163,10.0138,938876.0,603903
2021-07-05,10.115,10.1758,10.1758,10.034,943844.0,603903
2021-07-06,10.0948,10.2061,10.2163,10.0948,791620.0,603903
2021-07-07,10.1353,10.277,10.2871,10.1353,1139964.0,603903
2021-07-08,10.277,10.1454,10.3378,10.1454,1022396.0,603903
2021-07-09,10.0644,10.2061,10.2264,10.0644,1393060.0,603903
2021-07-12,10.2568,10.2568,10.3985,10.2061,1066276.0,603903
2021-07-13,10.2365,10.3479,10.3783,10.2163,1485108.0,603903
2021-07-14,10.2669,10.2669,10.4086,10.2264,1191476.0,603903
2021-07-15,10.3681,10.2163,10.3681,10.1656,938882.0,603903
2021-07-16,10.2669,10.0846,10.2669,10.0644,1128274.0,603903
2021-07-19,10.1454,10.0441,10.1454,9.9834,883620.0,603903
2021-07-20,9.9834,10.1454,10.1859,9.9733,756516.0,603903
2021-07-21,10.2163,10.3378,10.3681,10.1758,1786366.0,603903
2021-07-22,10.3378,10.2973,10.3378,10.2163,891176.0,603903
2021-07-23,10.2669,10.1454,10.3074,10.1454,998100.0,603903
2021-07-26,10.1353,10.1555,10.2669,9.9834,1014328.0,603903
2021-07-27,10.0745,10.0036,10.196,9.9834,1035616.0,603903
2021-07-28,9.9429,9.7708,10.0138,9.5581,1362755.0,603903
2021-07-29,9.7505,9.7809,9.8821,9.7505,938944.0,603903
2021-07-30,9.7201,9.71,9.8113,9.6391,906174.0,603903
2021-08-02,9.7201,9.8518,9.9125,9.6391,1338316.0,603903
2021-08-03,9.9733,9.8821,10.0138,9.8518,918284.0,603903
2021-08-04,9.8214,9.8619,9.9328,9.8214,842696.0,603903
2021-08-05,9.872,9.791,9.8923,9.7708,820416.0,603903
2021-08-06,9.7809,9.7303,9.8315,9.6594,919119.0,603903
2021-08-09,9.6695,9.8518,9.872,9.6695,799468.0,603903
2021-08-10,9.8518,9.9935,9.9935,9.8416,1174928.0,603903
2021-08-11,10.0948,10.1859,10.3175,10.0846,2547306.0,603903
2021-08-12,10.2466,10.2061,10.277,10.1353,1353783.0,603903
2021-08-13,10.1454,10.0138,10.2365,9.9429,2380880.0,603903
2021-08-16,10.0036,10.2264,10.2466,9.9328,1376744.0,603903
2021-08-17,10.2264,10.0745,10.2973,10.0239,2260483.0,603903
2021-08-18,10.0745,10.2264,10.2264,10.0543,1537160.0,603903
2021-08-19,10.2264,10.1859,10.3175,10.1555,1239644.0,603903
2021-08-20,10.0846,10.1454,10.2669,10.0239,1794954.0,603903
2021-08-23,10.1353,10.2871,10.3479,10.1353,1283354.0,603903
2021-08-24,10.3175,10.3479,10.3884,10.2669,1564727.0,603903
2021-08-25,10.3783,10.5301,10.5605,10.2568,2778544.0,603903
2021-08-26,10.6314,10.5099,10.6415,10.4491,2161004.0,603903
2021-08-27,10.6111,10.5301,10.6111,10.4491,1691647.0,603903
2021-08-30,10.5301,10.4491,10.5706,10.3884,1692120.0,603903
2021-08-31,10.6111,10.7326,10.8136,10.5301,3373965.0,603903
2021-09-01,10.763,10.8035,10.8845,10.6213,3118046.0,603903
2021-09-02,10.763,10.7225,10.8238,10.6618,1886860.0,603903
2021-09-03,10.7225,10.7731,10.9149,10.6921,1577068.0,603903
2021-09-06,10.7225,10.7529,10.8845,10.6516,1217536.0,603903
2021-09-07,10.7225,10.8136,10.8946,10.7023,1923543.0,603903
2021-09-08,10.8845,10.8643,10.8845,10.7833,1300976.0,603903
2021-09-09,10.844,10.9352,10.9554,10.8238,1341284.0,603903
2021-09-10,10.9655,10.7023,11.0263,10.7023,1990380.0,603903
2021-09-13,10.7731,11.0972,11.1377,10.7023,3228080.0,603903
2021-09-14,10.9959,10.7428,11.1073,10.7428,2584592.0,603903
2021-09-15,10.7428,10.8136,10.8946,10.6314,2221929.0,603903
2021-09-16,10.8643,10.7428,10.9858,10.7225,1384900.0,603903
2021-09-17,10.682,10.6516,10.8238,10.5403,1588127.0,603903
2021-09-22,10.5099,10.6921,10.7023,10.5099,1541316.0,603903
2021-09-23,10.7023,11.4718,11.6439,10.7023,9373175.0,603903
2021-09-24,11.411,11.1579,11.4718,11.0465,4248791.0,603903
2021-09-27,11.1579,10.8643,11.3402,10.763,3318048.0,603903
2021-09-28,10.8339,11.0972,11.1579,10.7731,2545236.0,603903
2021-09-29,10.9655,10.6314,11.0364,10.6314,2840052.0,603903
2021-09-30,10.6415,10.7124,10.8339,10.6415,1645129.0,603903
2021-10-08,10.844,11.0263,11.2389,10.844,3381487.0,603903
2021-10-11,10.9655,10.7833,11.0668,10.682,2625512.0,603903
2021-10-12,10.7023,10.5099,10.7934,10.3783,2413632.0,603903
2021-10-13,10.52,10.3783,10.5605,10.2669,1795328.0,603903
2021-10-14,10.3783,10.4289,10.5301,10.2163,1393733.0,603903
2021-10-15,10.4593,10.2568,10.4896,10.2264,1687564.0,603903
2021-10-18,10.2264,10.2061,10.2568,10.0543,1117337.0,603903
2021-10-19,10.1454,10.2365,10.2466,10.1049,913532.0,603903
2021-10-20,10.2365,10.115,10.277,10.0846,1306140.0,603903
2021-10-21,10.196,10.1656,10.196,10.0543,847314.0,603903
2021-10-22,10.0948,9.9024,10.1353,9.9024,1872784.0,603903
2021-10-25,10.0138,9.9226,10.0441,9.872,1136756.0,603903
2021-10-26,9.8518,9.9631,9.9935,9.791,1893460.0,603903
2021-10-27,9.8821,9.6189,9.9024,9.5683,3299438.0,603903
2021-10-28,9.4468,9.5278,9.6999,9.4468,1647167.0,603903
2021-10-29,9.5986,9.6088,9.6898,9.5278,858248.0,603903
2021-11-01,9.6189,9.6493,9.7404,9.6189,1139508.0,603903
2021-11-02,9.6999,9.467,9.6999,9.3759,1435132.0,603903
2021-11-03,9.467,9.5581,9.6189,9.467,919912.0,603903
2021-11-04,9.6189,9.6695,9.6695,9.5581,696296.0,603903
2021-11-05,9.6493,9.6695,9.7505,9.6189,818440.0,603903
2021-11-08,9.6999,9.9935,10.2163,9.6999,2568993.0,603903
2021-11-09,10.034,9.9226,10.115,9.9226,1612667.0,603903
2021-11-10,9.9024,10.0138,10.0239,9.8619,1421164.0,603903
2021-11-11,10.2264,11.0162,11.0162,10.1353,6702404.0,603903
2021-11-12,10.5403,10.8136,10.9554,10.439,9048359.0,603903
2021-11-15,10.5909,10.9453,10.9655,10.5504,5518740.0,603903
2021-11-16,10.9655,10.8339,10.9655,10.7023,3685560.0,603903
2021-11-17,10.7124,10.844,10.9149,10.6213,3238472.0,603903
2021-11-18,10.8238,10.682,10.9351,10.6516,2483803.0,603903
2021-11-19,10.6921,10.6921,10.7529,10.5706,2034996.0,603903
2021-11-22,10.7023,10.682,10.7225,10.5403,1686108.0,603903
2021-11-23,10.6921,10.8136,10.925,10.5301,3022100.0,603903
2021-11-24,10.9048,10.6719,10.9048,10.5808,2253539.0,603903
2021-11-25,10.6111,11.006,11.0465,10.601,4213006.0,603903
2021-11-26,10.9048,11.0465,11.0769,10.7833,3133591.0,603903
2021-11-29,10.9149,10.9048,11.0465,10.7428,1995230.0,603903
2021-11-30,11.0263,11.3199,11.3402,10.9453,5706132.0,603903
2021-12-01,11.3098,11.33,11.411,11.1579,3269872.0,603903
2021-12-02,11.2389,11.2085,11.3199,11.0162,3433002.0,603903
2021-12-03,11.2389,11.006,11.2592,10.9959,1950584.0,603903
2021-12-06,11.0162,10.7833,11.0769,10.7326,2166764.0,603903
2021-12-07,10.7833,10.8136,10.9858,10.6921,2590748.0,603903
2021-12-08,10.8643,10.7529,10.9048,10.7225,1101292.0,603903
2021-12-09,10.8136,10.8136,10.9554,10.763,1604300.0,603903
2021-12-10,10.7529,10.8643,10.8643,10.7326,1286790.0,603903
2021-12-13,10.8643,10.8643,10.9453,10.8238,1368100.0,603903
2021-12-14,10.8643,10.9858,11.0364,10.7428,2137776.0,603903
2021-12-15,10.9453,10.9655,11.0769,10.9048,1827388.0,603903
2021-12-16,10.9655,11.2592,11.3908,10.9453,3881824.0,603903
2021-12-17,11.2389,11.3199,11.5022,11.0668,3800120.0,603903
2021-12-20,11.5427,11.8869,11.9375,11.492,9505284.0,603903
2021-12-21,11.7755,11.5528,11.8059,11.4414,5971516.0,603903
2021-12-22,11.5629,11.3908,11.573,11.3604,3322057.0,603903
2021-12-23,11.3402,11.33,11.4515,11.2288,2462500.0,603903
2021-12-24,11.3503,11.0972,11.5427,11.0972,3292375.0,603903
2021-12-27,11.0668,11.492,11.5629,11.006,4136610.0,603903
2021-12-28,11.5933,11.3098,11.6439,11.2389,2551904.0,603903
2021-12-29,11.2389,11.2389,11.3705,11.1782,1451027.0,603903
2021-12-30,11.3402,11.3402,11.411,11.1883,1529453.0,603903
2021-12-31,11.3604,11.4414,11.492,11.2794,1603799.0,603903
2022-01-04,11.5325,11.7148,11.7452,11.4414,3480907.0,603903
2022-01-05,11.7755,11.5427,11.8262,11.4414,2308408.0,603903
2022-01-06,11.5224,11.7755,11.9375,11.4212,3726361.0,603903
2022-01-07,11.8768,11.7148,11.9882,11.6642,3619637.0,603903
2022-01-10,11.8464,12.545,12.8893,11.8464,13549091.0,603903
2022-01-11,12.464,12.4539,12.7071,12.3122,7495548.0,603903
2022-01-12,12.383,12.464,12.6159,12.3527,4377491.0,603903
2022-01-13,12.3628,12.3527,12.8792,12.2919,4068542.0,603903
2022-01-14,12.3122,11.9983,12.4539,11.9679,5336273.0,603903
2022-01-17,12.0489,12.2109,12.4033,11.9679,3481884.0,603903
2022-01-18,12.383,11.9173,12.4539,11.8363,3725365.0,603903
2022-01-19,11.978,12.1704,12.3324,11.9477,3136737.0,603903
2022-01-20,12.0692,12.1704,12.4944,11.9882,5512488.0,603903
2022-01-21,12.1907,12.221,12.2919,11.7958,3312272.0,603903
2022-01-24,12.2109,11.9983,12.2312,11.7047,3423587.0,603903
2022-01-25,11.8565,11.1782,11.897,11.1782,3603360.0,603903
2022-01-26,11.2389,11.6844,11.7857,11.1782,3672220.0,603903
2022-01-27,11.7654,11.1478,11.7654,11.0769,2908216.0,603903
2022-01-28,11.1984,11.2794,11.6135,11.1174,2143698.0,603903
2022-02-07,11.5022,11.8565,12.0995,11.3503,3384076.0,603903
2022-02-08,11.8667,12.5855,13.0412,11.7958,8518043.0,603903
2022-02-09,12.5855,12.8994,13.2639,12.4337,7571630.0,603903
2022-02-10,13.1424,12.7982,13.3044,12.6463,8472028.0,603903
2022-02-11,12.8488,12.5147,12.8691,12.4539,5056113.0,603903
2022-02-14,12.6564,12.7273,12.9804,12.545,5868280.0,603903
2022-02-15,12.8691,13.0108,13.2741,12.5957,6769843.0,603903
2022-02-16,13.0614,12.8691,13.1222,12.6666,4535848.0,603903
2022-02-17,12.9804,13.0614,13.4563,12.8488,7417180.0,603903
2022-02-18,12.8083,13.2336,13.2538,12.7374,4643563.0,603903
2022-02-21,13.1424,13.0918,13.1829,12.9197,3700404.0,603903
2022-02-22,12.9197,12.6362,12.9703,12.5653,5459327.0,603903
2022-02-23,12.7172,12.6969,12.8286,12.4438,3724621.0,603903
2022-02-24,12.8488,12.2413,13.0918,12.14,6948312.0,603903
2022-02-25,12.3223,12.5147,12.6159,12.2514,4383644.0,603903
2022-02-28,12.626,12.4235,12.6362,12.0692,2797679.0,603903
2022-03-01,12.4742,12.5147,12.5957,12.3527,2181360.0,603903
2022-03-02,12.5147,12.8488,12.8893,12.2717,3367676.0,603903
2022-03-03,12.7881,12.7982,12.9096,12.6564,2606380.0,603903
2022-03-04,12.7779,12.5653,12.7779,12.5248,1937504.0,603903
2022-03-07,12.4944,12.2717,12.6868,12.1603,2866164.0,603903
2022-03-08,12.1704,12.14,12.3932,12.0388,2282200.0,603903
2022-03-09,12.1907,11.9578,12.302,11.4617,3693792.0,603903
2022-03-10,12.059,12.383,12.5754,11.9983,4220623.0,603903
2022-03-11,12.302,11.9274,12.302,11.654,3956988.0,603903
2022-03-14,11.8464,11.2895,11.8464,11.2693,3339192.0,603903
2022-03-15,11.1883,10.4998,11.3604,10.4694,3289632.0,603903
2022-03-16,10.6314,10.6111,10.8035,10.1555,3125952.0,603903
2022-03-17,10.7124,10.6921,10.8643,10.5403,3007068.0,603903
2022-03-18,10.5808,10.8947,10.9858,10.5706,2045196.0,603903
2022-03-21,10.8947,11.0668,11.1073,10.8541,2064860.0,603903
2022-03-22,11.1579,11.087,11.1782,10.9149,1880200.0,603903
2022-03-23,11.1073,10.9453,11.1377,10.9149,1366020.0,603903
2022-03-24,10.9149,10.7326,10.9554,10.7326,1201960.0,603903
2022-03-25,10.7326,10.8136,11.0162,10.7023,1595500.0,603903
2022-03-28,10.8947,10.9453,11.1275,10.6314,1792460.0,603903
2022-03-29,11.0567,10.6719,11.0972,10.6314,1901340.0,603903
2022-03-30,10.7326,10.9554,10.9554,10.7326,1508168.0,603903
2022-03-31,10.9453,11.0162,11.1275,10.8845,1868912.0,603903
2022-04-01,11.0972,11.0364,11.0972,10.8744,1956696.0,603903
2022-04-06,10.9352,11.3199,11.3402,10.8845,2304292.0,603903
2022-04-07,11.2592,10.9858,11.2895,10.9655,1542496.0,603903
2022-04-08,11.0567,10.7934,11.0769,10.7529,1348072.0,603903
2022-04-11,10.7428,10.4289,10.8541,10.4188,1588552.0,603903
2022-04-12,10.4593,10.6921,10.7326,10.3479,1295746.0,603903
2022-04-13,10.7023,10.52,10.7124,10.4694,1354920.0,603903
2022-04-14,10.52,10.6516,10.7124,10.52,1076352.0,603903
2022-04-15,10.6415,10.2568,10.6516,10.2568,1404344.0,603903
2022-04-18,10.2264,10.4086,10.4289,10.0745,958296.0,603903
2022-04-19,10.3378,10.4795,10.5808,10.3276,822820.0,603903
2022-04-20,10.5301,10.3378,10.5605,10.2669,951404.0,603903
2022-04-21,10.3378,10.0036,10.358,9.9226,1226096.0,603903
2022-04-22,9.9226,9.8923,10.0644,9.7809,1189724.0,603903
2022-04-25,9.7708,9.0823,9.9733,9.0721,2384276.0,603903
2022-04-26,9.3151,8.7481,9.3151,8.7076,1601936.0,603903
2022-04-27,8.5861,9.4569,9.5683,8.5861,2921504.0,603903
2022-04-28,9.4569,9.2848,9.629,9.2139,1841236.0,603903
2022-04-29,9.1228,9.224,9.2848,8.9405,3792386.0,603903
2022-05-05,9.2038,9.1126,9.2544,8.9911,1962616.0,603903
2022-05-06,8.8797,8.9101,8.9911,8.7785,1738600.0,603903
2022-05-09,8.9607,9.305,9.3556,8.819,2052200.0,603903
2022-05-10,9.2038,9.3556,9.3556,9.0721,1837724.0,603903
2022-05-11,9.3961,9.2848,9.4974,9.2746,2172577.0,603903
2022-05-12,9.1126,9.386,9.4569,9.1126,1273080.0,603903
2022-05-13,9.3961,9.4063,9.5986,9.3354,1078292.0,603903
2022-05-16,9.3961,9.4164,9.5683,9.3253,1100340.0,603903
2022-05-17,9.4063,9.3556,9.5075,9.2139,1171100.0,603903
2022-05-18,9.4063,9.4873,9.5986,9.1228,1395872.0,603903
2022-05-19,9.3658,9.5278,9.5581,9.3151,949460.0,603903
2022-05-20,9.5986,9.6189,9.71,9.5075,975653.0,603903
2022-05-23,9.6594,9.8619,9.9024,9.5986,1323991.0,603903
2022-05-24,9.872,9.548,9.9733,9.5379,3565161.0,603903
2022-05-25,9.5784,9.6493,9.7505,9.5683,1309496.0,603903
2022-05-26,9.6493,9.7404,9.7505,9.548,1113556.0,603903
2022-05-27,10.0036,9.8315,10.358,9.7606,2960228.0,603903
2022-05-30,9.9328,10.1454,10.1454,9.8518,2413133.0,603903
2022-05-31,10.0441,10.0543,10.1454,9.9834,1353185.0,603903
2022-06-01,9.953,10.115,10.1353,9.953,1706418.0,603903
2022-06-02,10.1555,10.0441,10.2061,9.953,1056380.0,603903
2022-06-06,10.0644,10.1049,10.1656,10.034,1422910.0,603903
2022-06-07,10.1049,10.0138,10.2061,9.953,1331760.0,603903
2022-06-08,10.0441,9.9125,10.1251,9.8011,2017096.0,603903
2022-06-09,9.8619,9.7303,9.9935,9.6796,1254635.0,603903
2022-06-10,9.6796,9.8214,9.8619,9.6493,809196.0,603903
2022-06-13,9.7303,9.71,9.8113,9.6189,1182326.0,603903
2022-06-14,9.6189,9.6088,9.6594,9.3151,1963528.0,603903
2022-06-15,9.5075,9.5784,9.7201,9.467,1788992.0,603903
2022-06-16,9.5986,9.5885,9.6796,9.5379,1082481.0,603903
2022-06-17,9.5986,9.3961,9.5986,9.2544,2651536.0,603903
2022-06-20,9.4265,9.4974,9.5278,9.3354,1485184.0,603903
2022-06-21,9.4974,9.4974,9.548,9.3759,1387488.0,603903
2022-06-22,9.4974,9.305,9.5075,9.2949,1148364.0,603903
2022-06-23,9.3354,9.4164,9.4468,9.2544,908324.0,603903
2022-06-24,9.4366,9.4771,9.6088,9.4164,1131312.0,603903
2022-06-27,9.5581,9.6189,9.6189,9.467,1479776.0,603903
2022-06-28,9.6088,9.7708,9.791,9.5683,2196204.0,603903
2022-06-29,9.7708,9.8923,10.0948,9.7303,3158316.0,603903
2022-06-30,9.8923,9.9429,10.0846,9.8619,2336157.0,603903
2022-07-01,9.9834,9.9834,10.1656,9.8923,1560732.0,603903
2022-07-04,10.0543,10.0138,10.1049,9.872,1357108.0,603903
2022-07-05,10.0543,10.0239,10.0948,9.8923,1333448.0,603903
2022-07-06,10.0138,9.9429,10.0441,9.8923,1438016.0,603903
2022-07-07,9.946,9.9563,10.1216,9.9357,1423321.0,603903
2022-07-08,10.008,10.0183,10.0596,9.9357,1212104.0,603903
2022-07-11,10.0493,10.1525,10.5863,9.8324,3060131.0,603903
2022-07-12,10.0699,9.977,10.1216,9.884,2482466.0,603903
2022-07-13,9.9563,10.1422,10.1525,9.9253,1649218.0,603903
2022-07-14,10.1525,10.4417,10.5657,10.0699,3244876.0,603903
2022-07-15,10.3385,10.1216,10.4624,10.1112,2761940.0,603903
2022-07-18,10.0183,10.545,10.6896,10.0183,4695144.0,603903
2022-07-19,10.6999,10.9272,11.0511,10.4727,7234980.0,603903
2022-07-20,10.9272,10.7413,10.9272,10.6793,3650744.0,603903
2022-07-21,10.7516,10.5347,10.8342,10.4624,2969615.0,603903
2022-07-22,10.4934,11.0718,11.1027,10.483,6463215.0,603903
2022-07-25,11.0718,10.6999,11.1854,10.6793,4218856.0,603903
2022-07-26,10.7103,10.8239,10.9065,10.638,2746044.0,603903
2022-07-27,10.8445,10.7722,10.9995,10.7103,2634111.0,603903
2022-07-28,10.8032,10.7103,10.8342,10.6586,2168616.0,603903
2022-07-29,10.6896,10.607,10.7619,10.5347,2225301.0,603903
2022-08-01,10.669,10.9478,10.9478,10.5347,3019149.0,603903
2022-08-02,10.7722,10.8135,10.8239,10.1422,3670483.0,603903
2022-08-03,10.4417,10.669,10.6896,10.3281,2102156.0,603903
2022-08-04,10.514,10.638,10.638,10.4314,1489517.0,603903
2022-08-05,10.638,10.5553,10.6483,10.4004,1192782.0,603903
2022-08-08,10.545,10.5553,10.576,10.4314,985056.0,603903
2022-08-09,10.514,10.6793,10.8135,10.514,1484979.0,603903
2022-08-10,10.669,10.6173,10.6896,10.5657,888540.0,603903
2022-08-11,10.638,10.6999,10.7103,10.5347,1911160.0,603903
2022-08-12,10.7206,10.8962,10.9272,10.6483,2273104.0,603903
2022-08-15,10.9168,10.8962,10.9788,10.7826,1846908.0,603903
2022-08-16,10.8239,10.8239,10.9685,10.7206,2216208.0,603903
2022-08-17,10.8962,10.6586,10.9168,10.6483,1844046.0,603903
2022-08-18,10.638,10.5347,10.6483,10.483,1666852.0,603903
2022-08-19,10.5553,10.483,10.6276,10.4314,1687572.0,603903
2022-08-22,10.4314,10.4934,10.5657,10.4108,1289372.0,603903
2022-08-23,10.5244,10.4934,10.5244,10.3798,1313933.0,603903
2022-08-24,10.4314,10.2145,10.5967,10.2042,1892488.0,603903
2022-08-25,10.2248,10.0803,10.2765,10.008,1355480.0,603903
2022-08-26,10.1319,10.1009,10.2765,10.0699,831700.0,603903
2022-08-29,9.9873,10.2455,10.2558,9.9357,1355764.0,603903
2022-08-30,10.2558,10.1835,10.3488,10.1112,995684.0,603903
2022-08-31,10.1939,9.9357,10.1939,9.9047,2059376.0,603903
2022-09-01,9.9253,9.8634,10.0699,9.822,896196.0,603903
2022-09-02,9.8634,9.977,9.9976,9.8634,643472.0,603903
2022-09-05,9.977,10.1216,10.1216,9.915,1232612.0,603903
2022-09-06,10.1216,10.1835,10.2145,10.0493,959904.0,603903
2022-09-07,10.1939,10.1732,10.2352,10.0803,642363.0,603903
2022-09-08,10.1732,10.008,10.1835,10.008,658216.0,603903
2022-09-09,10.008,10.1216,10.1422,9.946,1180232.0,603903
2022-09-13,10.1319,10.1009,10.1422,10.0389,808636.0,603903
2022-09-14,9.9357,10.0183,10.0493,9.9357,629620.0,603903
2022-09-15,10.0493,9.8117,10.1009,9.7601,1356240.0,603903
2022-09-16,9.8014,9.6258,9.8014,9.5432,1002600.0,603903
2022-09-19,9.6361,9.4089,9.6465,9.347,1087110.0,603903
2022-09-20,9.4296,9.5638,9.6775,9.4296,621128.0,603903
2022-09-21,9.4709,9.6361,9.6981,9.3986,556788.0,603903
2022-09-22,9.5948,9.4915,9.6775,9.4915,565200.0,603903
2022-09-23,9.4812,9.3986,9.5432,9.2953,949976.0,603903
2022-09-26,9.3986,9.2333,9.4606,9.2024,606592.0,603903
2022-09-27,9.2333,9.4193,9.4193,9.223,535400.0,603903
2022-09-28,9.4399,9.2747,9.4502,9.2437,759100.0,603903
2022-09-29,9.316,9.1197,9.3986,9.0474,988404.0,603903
2022-09-30,9.1301,9.0681,9.2127,9.0578,691768.0,603903
2022-10-10,9.0991,8.8615,9.1714,8.8099,697884.0,603903
2022-10-11,8.9132,8.9338,9.0165,8.7892,603736.0,603903
2022-10-12,8.9338,9.0578,9.0681,8.8409,670976.0,603903
2022-10-13,9.0991,9.1817,9.2333,9.0268,674060.0,603903
2022-10-14,9.285,9.2747,9.347,9.1507,673200.0,603903
2022-10-17,9.285,9.5019,9.5122,9.2024,974812.0,603903
2022-10-18,9.6155,9.4193,9.6155,9.3883,738575.0,603903
2022-10-19,9.4089,9.3779,9.6155,9.3676,835520.0,603903
2022-10-20,9.3883,9.347,9.4812,9.2953,472265.0,603903
2022-10-21,9.347,9.347,9.4399,9.3056,672740.0,603903
2022-10-24,9.4089,9.2127,9.5019,9.161,691920.0,603903
2022-10-25,9.2127,9.161,9.2437,8.9855,967808.0,603903
2022-10-26,9.161,9.285,9.3366,9.1404,804528.0,603903
2022-10-27,9.2747,9.2953,9.5019,9.2747,759772.0,603903
2022-10-28,9.347,8.9442,9.347,8.9028,1152500.0,603903
2022-10-31,8.9855,9.2333,9.3366,8.9545,1033720.0,603903
2022-11-01,9.2333,9.3986,9.4193,9.192,829900.0,603903
2022-11-02,9.3986,9.4812,9.5019,9.3573,1090272.0,603903
2022-11-03,9.4709,9.5225,9.5535,9.3056,1083472.0,603903
2022-11-04,9.6052,9.6361,9.7291,9.6052,1327696.0,603903
2022-11-07,9.6052,9.7291,9.7807,9.6052,1153880.0,603903
2022-11-08,9.7807,9.7291,9.7807,9.6671,979708.0,603903
2022-11-09,9.7291,9.7084,9.7704,9.6878,782634.0,603903
2022-11-10,9.6878,9.7704,9.8117,9.6361,998980.0,603903
2022-11-11,9.8737,9.977,10.1422,9.7498,3166298.0,603903
2022-11-14,10.008,9.853,10.0389,9.8427,2048650.0,603903
2022-11-15,9.853,9.8737,9.9563,9.8324,1365840.0,603903
2022-11-16,9.9253,9.8737,9.9666,9.8427,1418340.0,603903
2022-11-17,9.8737,9.8943,9.9253,9.8117,1196340.0,603903
2022-11-18,9.915,9.977,10.0493,9.8634,1847216.0,603903
2022-11-21,9.915,9.822,9.9976,9.7601,1549716.0,603903
2022-11-22,9.822,9.7807,9.9976,9.7704,1455684.0,603903
2022-11-23,9.7807,9.7807,9.915,9.7394,1653776.0,603903
2022-11-24,9.9357,9.9253,9.9357,9.8117,1405688.0,603903
2022-11-25,9.9253,9.822,9.946,9.7911,1086396.0,603903
2022-11-28,9.822,9.7498,9.822,9.6671,1363910.0,603903
2022-11-29,9.7498,9.9357,9.9666,9.7291,1668100.0,603903
2022-11-30,9.946,9.8943,9.977,9.8737,977000.0,603903
2022-12-01,9.977,9.8943,10.0803,9.8737,1079712.0,603903
2022-12-02,9.884,10.0183,10.0596,9.822,1371776.0,603903
2022-12-05,10.0596,10.1939,10.2042,10.0493,1790732.0,603903
2022-12-06,10.1939,10.0906,10.1939,10.0286,1246196.0,603903
2022-12-07,10.0699,10.1422,10.1939,10.0596,1242261.0,603903
2022-12-08,10.0906,10.0493,10.1525,10.0493,1104759.0,603903
2022-12-09,10.1009,9.9976,10.1112,9.9253,1216428.0,603903
2022-12-12,10.008,9.9563,10.008,9.8737,966733.0,603903
2022-12-13,9.9563,9.8737,9.9563,9.7704,1416264.0,603903
2022-12-14,9.884,9.7807,9.9253,9.7704,1360636.0,603903
2022-12-15,9.8014,9.8014,9.8737,9.7291,799576.0,603903
2022-12-16,9.7807,9.6981,9.8634,9.6981,937772.0,603903
2022-12-19,9.6878,9.4812,9.7394,9.4399,1183193.0,603903
2022-12-20,9.4915,9.4915,9.5845,9.4296,821500.0,603903
2022-12-21,9.5535,9.3573,9.5535,9.285,1439295.0,603903
2022-12-22,9.4193,9.1507,9.4399,9.1301,1191135.0,603903
2022-12-23,9.2024,9.2953,9.4296,9.1507,1085876.0,603903
2022-12-26,9.3263,9.2747,9.4089,9.2024,1461896.0,603903
2022-12-27,9.2747,9.316,9.3986,9.223,930696.0,603903
2022-12-28,9.2953,9.1817,9.3056,9.1301,722020.0,603903
2022-12-29,9.192,9.161,9.2953,9.1301,777920.0,603903
2022-12-30,9.0888,9.3366,9.3676,9.0888,1168980.0,603903
2023-01-03,9.4812,9.4193,9.4812,9.254,1658641.0,603903
2023-01-04,9.3366,9.4812,9.5225,9.3263,1300904.0,603903
2023-01-05,9.4709,9.5019,9.5225,9.3986,1031743.0,603903
2023-01-06,9.5122,9.4296,9.5535,9.4296,831952.0,603903
2023-01-09,9.4709,9.4709,9.5225,9.4089,1215140.0,603903
2023-01-10,9.4193,9.4193,9.5329,9.3883,1005560.0,603903
2023-01-11,9.4296,9.316,9.4606,9.2953,1114104.0,603903
2023-01-12,9.2437,9.2437,9.3779,9.2333,1186500.0,603903
2023-01-13,9.254,9.2024,9.2953,9.1714,1040636.0,603903
2023-01-16,9.2437,9.3366,9.3573,9.192,1465536.0,603903
2023-01-17,9.3779,9.3779,9.4089,9.316,1061400.0,603903
2023-01-18,9.3779,9.4193,9.4296,9.3056,1047860.0,603903
2023-01-19,9.3986,9.4502,9.4709,9.347,1236900.0,603903
2023-01-20,9.4399,9.5845,9.5845,9.4296,1485656.0,603903
2023-01-30,9.5845,9.6258,9.6878,9.5845,1651750.0,603903
2023-01-31,9.5948,9.6568,9.7084,9.5432,1360490.0,603903
2023-02-01,9.6671,9.7911,9.8117,9.6258,2308280.0,603903
2023-02-02,9.8014,9.7704,9.853,9.7704,1832480.0,603903
2023-02-03,9.7498,9.8427,9.9357,9.7084,1906384.0,603903
2023-02-06,9.853,9.884,9.977,9.7704,1282900.0,603903
2023-02-07,9.884,9.9357,9.9666,9.822,1315640.0,603903
2023-02-08,9.9563,9.915,9.977,9.8943,911900.0,603903
2023-02-09,9.8943,9.9976,10.0183,9.884,1222948.0,603903
2023-02-10,9.9873,10.0596,10.0596,9.946,1123992.0,603903
2023-02-13,10.0596,10.0596,10.1112,9.9873,1222059.0,603903
2023-02-14,10.0699,10.1732,10.2248,10.0699,1829476.0,603903
2023-02-15,10.1216,10.1525,10.1939,10.1009,1396356.0,603903
2023-02-16,10.1732,10.0699,10.3694,10.0286,3949324.0,603903
2023-02-17,10.1216,10.0699,10.2248,10.0389,2058920.0,603903
2023-02-20,10.1112,10.0699,10.1319,9.946,1403516.0,603903
2023-02-21,10.0803,10.0803,10.1422,10.0183,921256.0,603903
2023-02-22,10.0286,10.1319,10.1525,10.0183,1043684.0,603903
2023-02-23,10.0493,10.0906,10.1629,10.0493,896584.0,603903
2023-02-24,10.1319,10.1112,10.1629,10.0286,938940.0,603903
2023-02-27,10.0906,9.977,10.0906,9.9047,1070244.0,603903
2023-02-28,9.9873,10.0906,10.1009,9.9357,817072.0,603903
2023-03-01,10.0699,10.1732,10.2145,9.9873,1532744.0,603903
2023-03-02,10.2352,10.1835,10.2455,10.1216,1067076.0,603903
2023-03-03,10.1525,10.1629,10.2042,10.0803,1000972.0,603903
2023-03-06,10.1525,10.1629,10.3075,10.1112,3461740.0,603903
2023-03-07,10.2248,9.9357,10.2455,9.9357,2582715.0,603903
2023-03-08,9.8943,10.1112,10.1112,9.8943,1485095.0,603903
2023-03-09,10.1525,10.2765,10.2971,10.0906,2024583.0,603903
2023-03-10,10.2352,10.1525,10.3178,10.1009,1561176.0,603903
2023-03-13,10.1319,10.0803,10.1525,9.9357,1364812.0,603903
2023-03-14,10.0596,9.853,10.1216,9.8117,1932844.0,603903
2023-03-15,9.8324,10.1525,10.1629,9.8324,1794572.0,603903
2023-03-16,10.1525,9.977,10.1525,9.9357,1241300.0,603903
2023-03-17,9.9666,9.9873,10.1422,9.9666,1255900.0,603903
2023-03-20,9.9976,9.946,10.0699,9.915,1174400.0,603903
2023-03-21,9.884,10.1009,10.1112,9.884,1433368.0,603903
2023-03-22,10.1216,10.1732,10.2042,10.0596,1649288.0,603903
2023-03-23,10.1835,10.2042,10.2145,10.1009,1451284.0,603903
2023-03-24,10.1835,10.1939,10.2662,10.1216,2516222.0,603903
2023-03-27,10.1939,10.0493,10.2248,9.9563,2077524.0,603903
2023-03-28,10.0699,9.9976,10.1009,9.915,1342812.0,603903
2023-03-29,9.977,9.8737,9.9976,9.8634,1492892.0,603903
2023-03-30,9.8737,9.6671,9.884,9.6568,2006700.0,603903
2023-03-31,9.6878,9.6775,9.7498,9.6671,1793847.0,603903
2023-04-03,9.6878,9.6775,9.7394,9.5535,2636644.0,603903
2023-04-04,9.6775,9.5535,9.7188,9.5432,1850400.0,603903
2023-04-06,9.5742,9.5019,9.5845,9.4606,1657116.0,603903
2023-04-07,9.5329,9.5742,9.5948,9.4606,1720568.0,603903
2023-04-10,9.5742,9.5122,9.6568,9.4502,2330308.0,603903
2023-04-11,9.5019,9.9253,10.0183,9.3883,6743580.0,603903
2023-04-12,9.915,9.977,10.0389,9.8737,3271412.0,603903
2023-04-13,9.977,10.0286,10.0596,9.8737,2333164.0,603903
2023-04-14,10.0286,9.9873,10.0906,9.884,1915783.0,603903
2023-04-17,9.946,9.884,9.977,9.8427,1452236.0,603903
2023-04-18,9.9976,9.853,9.9976,9.7911,1729236.0,603903
2023-04-19,9.8737,9.7601,9.8737,9.7188,1618256.0,603903
2023-04-20,9.7394,9.6361,9.7601,9.5535,1637716.0,603903
2023-04-21,9.6258,9.4606,9.6568,9.4193,1963040.0,603903
2023-04-24,9.4193,9.4193,9.4915,9.192,1875967.0,603903
2023-04-25,9.3986,9.2333,9.4915,9.1507,1740172.0,603903
2023-04-26,9.2953,9.4399,9.4709,9.254,879548.0,603903
2023-04-27,9.4193,9.3883,9.4812,9.3573,1016408.0,603903
2023-04-28,9.3883,9.6878,9.6878,9.3883,1345264.0,603903
2023-05-04,9.4089,9.6981,9.7394,9.3573,1851330.0,603903
2023-05-05,9.6981,9.6052,9.7084,9.5225,1021936.0,603903
2023-05-08,9.6361,9.6465,9.7188,9.5638,1093952.0,603903
2023-05-09,9.6981,9.6671,9.884,9.5742,2336284.0,603903
2023-05-10,9.6361,9.7188,9.7807,9.6258,1368652.0,603903
2023-05-11,9.7807,9.7807,9.9047,9.7601,1594715.0,603903
2023-05-12,9.7291,9.7704,9.884,9.7188,1585908.0,603903
2023-05-15,9.8427,9.8117,9.8427,9.6775,1295436.0,603903
2023-05-16,9.8634,9.7188,9.8634,9.6775,1815872.0,603903
2023-05-17,9.7704,9.8324,9.8634,9.6981,1762816.0,603903
2023-05-18,9.8427,9.8117,9.8427,9.7601,1140239.0,603903
2023-05-19,9.8014,9.7188,9.8427,9.6878,897200.0,603903
2023-05-22,9.7807,9.7807,9.822,9.6671,1079088.0,603903
2023-05-23,9.7911,9.5845,9.822,9.5742,2765580.0,603903
2023-05-24,9.5845,9.4709,9.6258,9.4606,1632307.0,603903
2023-05-25,9.5122,9.4812,9.5535,9.3676,1457760.0,603903
2023-05-26,9.5845,9.5535,9.6981,9.4296,1726060.0,603903
2023-05-29,9.5432,9.5019,9.6981,9.4709,1464592.0,603903
2023-05-30,9.4606,9.5329,9.5432,9.4089,1119600.0,603903
2023-05-31,9.5948,9.4399,9.5948,9.4193,1159244.0,603903
2023-06-01,9.4089,9.3986,9.4915,9.3676,1297520.0,603903
2023-06-02,9.4296,9.4502,9.5535,9.3986,1237780.0,603903
2023-06-05,9.5122,9.4709,9.5122,9.4193,1088200.0,603903
2023-06-06,9.5225,9.2643,9.5432,9.254,1448624.0,603903
2023-06-07,9.285,9.285,9.347,9.2437,713224.0,603903
2023-06-08,9.2953,9.3366,9.3573,9.2333,1011028.0,603903
2023-06-09,9.3883,9.2953,9.3883,9.2437,1233560.0,603903
2023-06-12,9.2953,9.3263,9.347,9.2024,1135848.0,603903
2023-06-13,9.3883,9.2643,9.4089,9.2437,1183000.0,603903
2023-06-14,9.285,9.2127,9.2953,9.1817,1276320.0,603903
2023-06-15,9.223,9.254,9.2643,9.1301,1385288.0,603903
2023-06-16,9.2437,9.285,9.3366,9.2333,1498076.0,603903
2023-06-19,9.285,9.161,9.3263,9.1404,1519345.0,603903
2023-06-20,9.1714,9.1197,9.223,9.0681,1265376.0,603903
2023-06-21,9.1404,9.0371,9.1817,9.0268,987564.0,603903
2023-06-26,9.0371,8.8822,9.0371,8.8822,1301584.0,603903
2023-06-27,8.9751,9.1197,9.1197,8.8925,1165796.0,603903
2023-06-28,9.161,9.1507,9.1714,9.0165,882724.0,603903
2023-06-29,9.1507,9.223,9.2953,9.1404,1515072.0,603903
2023-06-30,9.1817,9.2333,9.316,9.1817,1129950.0,603903
2023-07-03,9.285,9.3263,9.3883,9.254,1366124.0,603903
2023-07-04,9.3366,9.3366,9.3779,9.2747,833064.0,603903
2023-07-05,9.3366,9.347,9.4193,9.2953,1103364.0,603903
2023-07-06,9.3366,9.347,9.3779,9.316,924576.0,603903
2023-07-07,9.3366,9.3986,9.4296,9.316,1469344.0,603903
2023-07-10,9.3986,9.3986,9.5329,9.3676,1193978.0,603903
2023-07-11,9.4408,9.4935,9.5146,9.4091,1336648.0,603903
2023-07-12,9.4935,9.483,9.5885,9.4513,1223036.0,603903
2023-07-13,9.5041,9.599,9.6307,9.3986,1309156.0,603903
2023-07-14,9.6623,9.5463,9.6623,9.5252,1116520.0,603903
2023-07-17,9.5674,9.6096,9.7045,9.388,2032768.0,603903
2023-07-18,9.5674,9.6096,9.6729,9.5674,1132840.0,603903
2023-07-19,9.6096,9.7256,9.7572,9.6096,2079130.0,603903
2023-07-20,9.7889,9.6518,9.7889,9.6201,1193170.0,603903
2023-07-21,9.7045,9.599,9.7361,9.5674,1289852.0,603903
2023-07-24,9.6096,9.6623,9.7045,9.5568,1433000.0,603903
2023-07-25,9.7256,9.7467,9.7678,9.6518,1441039.0,603903
2023-07-26,9.7572,9.9366,9.9788,9.7256,2929568.0,603903
2023-07-27,9.8733,9.8416,9.9893,9.81,2712908.0,603903
2023-07-28,9.8205,9.8627,9.8838,9.7994,1789211.0,603903
2023-07-31,9.8627,9.8311,9.8838,9.7889,1390200.0,603903
2023-08-01,9.8944,9.8522,9.9049,9.7994,1556171.0,603903
2023-08-02,9.8522,9.8416,9.9049,9.8205,1124075.0,603903
2023-08-03,9.8416,9.8627,9.8944,9.7678,1145240.0,603903
2023-08-04,9.8627,9.7467,9.9049,9.7361,1395224.0,603903
2023-08-07,9.8733,9.6518,9.8733,9.5885,1614872.0,603903
2023-08-08,9.6729,9.6412,9.715,9.5463,1034168.0,603903
2023-08-09,9.6623,9.5885,9.6834,9.5463,1374700.0,603903
2023-08-10,9.6096,9.6307,9.6729,9.5252,813832.0,603903
2023-08-11,9.6834,9.5146,9.6834,9.4935,1307748.0,603903
2023-08-14,9.4513,9.5779,9.5779,9.388,1405988.0,603903
2023-08-15,9.5674,9.5568,9.5885,9.4302,848660.0,603903
2023-08-16,9.5041,9.5146,9.6096,9.4513,1299160.0,603903
2023-08-17,9.4935,9.6834,9.6834,9.4408,1511180.0,603903
2023-08-18,9.7045,9.8311,9.9155,9.6729,2743824.0,603903
2023-08-21,9.8205,9.9471,10.0209,9.7783,2787772.0,603903
2023-08-22,9.9788,9.81,10.0209,9.6729,2301728.0,603903
2023-08-23,9.8205,9.8733,9.9682,9.7361,1918736.0,603903
2023-08-24,9.8522,9.7783,9.8838,9.6412,1751700.0,603903
2023-08-25,9.7783,9.9155,10.0948,9.7783,4336031.0,603903
2023-08-28,10.2108,9.9788,10.2952,9.9471,4478104.0,603903
2023-08-29,9.9788,10.0842,10.1686,9.8838,3721304.0,603903
2023-08-30,10.2108,10.1897,10.6011,10.1686,9314518.0,603903
2023-08-31,10.2425,10.3479,10.6011,10.2425,8334468.0,603903
2023-09-01,10.3269,10.253,10.3479,10.1053,4747241.0,603903
2023-09-04,10.2425,10.4429,10.4745,10.2425,3952829.0,603903
2023-09-05,10.3374,10.1475,10.3796,10.0737,4234874.0,603903
2023-09-06,10.1159,10.1792,10.3163,10.0842,3643112.0,603903
2023-09-07,10.1792,10.042,10.2319,10.0209,2089480.0,603903
2023-09-08,10.0948,10.0948,10.1792,9.9788,2274580.0,603903
2023-09-11,10.0209,10.1264,10.2214,10.0209,2462600.0,603903
2023-09-12,10.1792,10.1264,10.2425,10.0526,2268312.0,603903
2023-09-13,10.1792,10.2636,10.2952,10.1581,2387900.0,603903
2023-09-14,10.2319,10.1475,10.2847,10.1264,2568896.0,603903
2023-09-15,10.1475,10.253,10.2952,10.1264,1939577.0,603903
2023-09-18,10.2108,10.2952,10.3163,10.1897,1589288.0,603903
2023-09-19,10.3374,10.3796,10.58,10.3269,3012374.0,603903
2023-09-20,10.3374,10.3479,10.4534,10.2425,2244184.0,603903
2023-09-21,10.3058,10.4851,10.5378,10.2952,3351384.0,603903
2023-09-22,10.5273,10.2952,10.5273,10.1897,3994156.0,603903
2023-09-25,10.2741,10.2636,10.3901,10.2108,1887080.0,603903
2023-09-26,10.2847,10.2214,10.3269,10.1686,1940100.0,603903
2023-09-27,10.3058,10.1897,10.3058,10.1053,1928004.0,603903
2023-09-28,10.2636,10.2319,10.3269,10.1686,1597724.0,603903
2023-10-09,10.2214,10.0315,10.3269,9.9788,3000416.0,603903
2023-10-10,10.1053,10.0948,10.1792,10.0315,2504140.0,603903
2023-10-11,10.1159,10.1159,10.2214,9.9893,1872188.0,603903
2023-10-12,10.1686,10.0842,10.1686,9.9471,1992980.0,603903
2023-10-13,10.0842,9.9155,10.1264,9.8627,2093000.0,603903
2023-10-16,9.926,10.042,10.137,9.8944,2835636.0,603903
2023-10-17,10.1159,9.9999,10.1686,9.9471,1803832.0,603903
2023-10-18,10.0526,9.8733,10.0526,9.8311,1315837.0,603903
2023-10-19,9.8311,9.8522,10.0315,9.715,1427144.0,603903
2023-10-20,9.81,9.8205,10.0104,9.7572,1565160.0,603903
2023-10-23,9.8522,9.5357,9.8627,9.4935,2264980.0,603903
2023-10-24,9.5674,10.0209,10.042,9.5041,2599873.0,603903
2023-10-25,10.2108,10.5378,10.9176,10.137,7829631.0,603903
2023-10-26,10.5484,10.58,10.6117,10.3796,5766908.0,603903
2023-10-27,10.4851,10.6222,10.8437,10.4851,4646640.0,603903
2023-10-30,10.5484,10.3901,10.6749,10.3479,3500567.0,603903
2023-10-31,10.4007,10.1264,10.4007,10.042,7184232.0,603903
2023-11-01,10.1053,10.2003,10.253,10.0315,4640116.0,603903
2023-11-02,10.2319,10.2214,10.3058,10.1475,3961903.0,603903
2023-11-03,10.2741,10.2741,10.3901,10.2003,2670344.0,603903
2023-11-06,10.2319,10.2847,10.3901,10.2319,2523100.0,603903
2023-11-07,10.2425,10.3374,10.3901,10.2108,2334600.0,603903
2023-11-08,10.3585,10.3479,10.3901,10.2636,1963496.0,603903
2023-11-09,10.3374,10.3479,10.4429,10.2847,2331520.0,603903
2023-11-10,10.369,10.3796,10.4007,10.2636,2595392.0,603903
2023-11-13,10.3374,10.4429,10.4429,10.3374,2565940.0,603903
2023-11-14,10.4429,10.3479,10.4851,10.3269,2333900.0,603903
2023-11-15,10.4112,10.3796,10.4112,10.3269,2269700.0,603903
2023-11-16,10.3901,10.3163,10.3901,10.3163,1766472.0,603903
2023-11-17,10.3585,10.4429,10.464,10.3058,2358669.0,603903
2023-11-20,10.4429,10.4429,10.4851,10.4112,2126100.0,603903
2023-11-21,10.4429,10.4112,10.5273,10.4007,2093424.0,603903
2023-11-22,10.4007,10.4534,10.5167,10.369,2419492.0,603903
2023-11-23,10.4218,10.4534,10.4534,10.369,2375500.0,603903
2023-11-24,10.4534,10.6855,11.0758,10.3796,11491393.0,603903
2023-11-27,10.4956,11.0758,11.2551,10.2425,18507588.0,603903
2023-11-28,10.8226,10.9281,11.0125,10.6855,12754000.0,603903
2023-11-29,10.9281,12.0251,12.0251,10.7171,22489739.0,603903
2023-11-30,12.6264,11.7087,13.2277,11.6138,48732199.0,603903
2023-12-01,11.3922,11.2024,11.6665,11.1496,31121406.0,603903
2023-12-04,11.2024,11.1496,11.4028,11.1496,16970295.0,603903
2023-12-05,11.1391,11.5188,11.9829,11.023,29735170.0,603903
2023-12-06,11.2973,11.6665,11.7931,11.2973,22382374.0,603903
2023-12-07,11.7614,11.4766,11.7614,11.3395,14746024.0,603903
2023-12-08,11.3922,12.6264,12.6264,11.2024,31420211.0,603903
2023-12-11,12.4471,12.2256,13.1327,11.9618,35508076.0,603903
2023-12-12,12.0568,12.2467,12.6053,11.8775,25234724.0,603903
2023-12-13,12.1412,11.9935,12.5526,11.9935,21103462.0,603903
2023-12-14,11.8669,11.8142,12.1095,11.7931,16596992.0,603903
2023-12-15,11.7614,11.6454,11.8775,11.5083,13067840.0,603903
2023-12-18,11.6454,11.1813,11.6665,11.0969,11778352.0,603903
2023-12-19,11.2762,11.2868,11.3395,11.118,8137688.0,603903
2023-12-20,11.2868,10.9703,11.2868,10.907,8064060.0,603903
2023-12-21,10.8965,10.9598,11.0125,10.6855,7088424.0,603903
2023-12-22,10.9281,10.8437,11.0547,10.7593,6246800.0,603903
2023-12-25,10.7066,10.6539,10.9176,10.5589,5150256.0,603903
2023-12-26,10.5378,10.1264,10.6117,9.9366,11644076.0,603903
2023-12-27,10.0737,10.1475,10.2003,10.0631,6893134.0,603903
2023-12-28,10.1475,10.2319,10.2952,10.0209,6989788.0,603903
2023-12-29,10.2214,10.4218,10.4745,10.1581,6752000.0,603903
2024-01-02,10.4218,10.9281,11.0125,10.4112,10827240.0,603903
2024-01-03,10.8965,10.9387,11.0336,10.7699,6136100.0,603903
2024-01-04,10.9387,10.9598,11.0758,10.8648,4695600.0,603903
2024-01-05,10.8965,10.7699,11.0758,10.7277,4684944.0,603903
2024-01-08,10.8543,10.5167,10.8648,10.5167,5440360.0,603903
2024-01-09,10.5906,10.5273,10.7066,10.4112,5105200.0,603903
2024-01-10,10.5695,10.3796,10.58,10.3269,5082336.0,603903
2024-01-11,10.4323,10.6011,10.6328,10.3901,4253252.0,603903
2024-01-12,10.7066,10.6539,11.0125,10.6539,5927720.0,603903
2024-01-15,10.6222,10.4745,10.6433,10.3479,4675624.0,603903
2024-01-16,10.4956,10.4112,10.5906,10.2319,4336328.0,603903
2024-01-17,10.3796,10.137,10.4323,10.1053,2680696.0,603903
2024-01-18,10.1897,9.8416,10.1897,9.6623,5326020.0,603903
2024-01-19,9.8733,9.7256,9.9049,9.6412,3389360.0,603903
2024-01-22,9.5568,9.2298,9.7678,9.156,6414304.0,603903
2024-01-23,9.2298,9.1876,9.2509,8.9767,6788200.0,603903
2024-01-24,9.2087,9.4408,9.4513,9.0189,5555436.0,603903
2024-01-25,9.4935,9.9682,10.0209,9.4091,6654815.0,603903
2024-01-26,10.0209,10.0948,10.253,9.9366,4797830.0,603903
2024-01-29,10.0737,9.7361,10.1053,9.7256,4083200.0,603903
2024-01-30,10.4218,10.0737,10.7066,9.8733,19376005.0,603903
2024-01-31,9.8522,10.0842,10.5378,9.8522,18224917.0,603903
2024-02-01,9.7678,9.5041,10.1792,9.3037,15769128.0,603903
2024-02-02,9.4513,8.9661,9.6729,8.6286,11837676.0,603903
2024-02-05,8.6813,8.0695,8.7235,8.0695,8100216.0,603903
2024-02-06,7.5948,7.5421,7.9851,7.2678,12380068.0,603903
2024-02-07,7.637,6.9514,7.6476,6.7931,15495392.0,603903
2024-02-08,6.9514,7.6476,7.6476,6.867,13147712.0,603903
2024-02-19,7.7636,8.0062,8.08,7.6898,9519785.0,603903
2024-02-20,8.0062,8.08,8.1433,7.7952,6075100.0,603903
2024-02-21,8.0484,8.175,8.5231,7.9429,6594618.0,603903
2024-02-22,8.2277,8.4703,8.4809,8.1644,5869780.0,603903
2024-02-23,8.4809,8.6497,8.6919,8.3543,5653739.0,603903
2024-02-26,8.7024,8.7446,8.9556,8.5969,7267755.0,603903
2024-02-27,8.713,8.9028,8.9556,8.6602,4803683.0,603903
2024-02-28,8.9134,8.1961,9.1032,8.1855,11606608.0,603903
2024-02-29,8.1433,8.5969,8.5969,8.0695,8068253.0,603903
2024-03-01,8.5969,8.5864,8.7446,8.4387,5772905.0,603903
2024-03-04,8.5442,8.502,8.6391,8.2805,4669316.0,603903
2024-03-05,8.4914,8.2594,8.4914,8.2277,4397748.0,603903
2024-03-06,8.2172,8.3332,8.4176,8.1539,3499940.0,603903
2024-03-07,8.3754,8.3754,8.5231,8.3332,3986328.0,603903
2024-03-08,8.4176,8.5125,8.5442,8.3438,5056420.0,603903
2024-03-11,8.502,8.5969,8.6286,8.4387,3847288.0,603903
2024-03-12,8.6286,8.7024,8.713,8.5231,4057284.0,603903
2024-03-13,8.7024,8.7024,8.7762,8.5547,4376492.0,603903
2024-03-14,8.6391,8.7657,8.8079,8.6391,4982560.0,603903
2024-03-15,8.734,8.9767,9.0083,8.6813,5853824.0,603903
2024-03-18,9.4935,9.0927,9.4935,8.9872,9666468.0,603903
2024-03-19,9.0189,9.0294,9.156,8.9345,5943248.0,603903
2024-03-20,9.0294,9.1032,9.1138,8.9661,4768052.0,603903
2024-03-21,9.1243,9.1876,9.2087,9.04,4848556.0,603903
2024-03-22,9.156,9.0189,9.1982,8.9134,4300880.0,603903
2024-03-25,8.9872,8.829,9.0294,8.8184,3899800.0,603903
2024-03-26,8.7868,8.9028,8.9345,8.7235,3459720.0,603903
2024-03-27,8.8817,8.713,8.9556,8.6813,3903364.0,603903
2024-03-28,8.713,8.7973,8.945,8.6391,3883476.0,603903
2024-03-29,8.8606,9.1454,9.1454,8.7973,3558800.0,603903
2024-04-01,9.1349,9.3037,9.3248,9.0505,5319556.0,603903
2024-04-02,9.3037,9.4197,9.5674,9.2193,5656064.0,603903
2024-04-03,9.4197,9.4619,9.5041,9.2087,4441743.0,603903
2024-04-08,9.4724,9.156,9.483,9.156,4045260.0,603903
2024-04-09,9.156,9.367,9.388,9.1138,3043067.0,603903
2024-04-10,9.2931,9.1243,9.3564,9.0294,3134700.0,603903
2024-04-11,9.1138,9.272,9.388,8.9978,3407963.0,603903
2024-04-12,9.2193,9.1665,9.4302,9.1349,3181600.0,603903
2024-04-15,9.1032,8.5231,9.1771,8.407,7841423.0,603903
2024-04-16,8.4281,7.7952,8.4492,7.7847,6693500.0,603903
2024-04-17,7.964,8.5758,8.5758,7.964,6408988.0,603903
2024-04-18,8.6391,8.386,8.7551,8.3543,5206445.0,603903
2024-04-19,8.3649,8.4281,8.502,8.2699,3432280.0,603903
2024-04-22,8.4281,8.3543,8.4281,8.1328,4253320.0,603903
2024-04-23,8.3227,8.5125,8.5442,8.2699,4442020.0,603903
2024-04-24,8.5758,8.5231,8.5758,8.3438,4712707.0,603903
2024-04-25,8.4703,8.5758,8.6391,8.4703,3608447.0,603903
2024-04-26,8.4598,8.6708,8.6919,8.4281,5163200.0,603903
2024-04-29,8.713,9.04,9.1032,8.6602,6250444.0,603903
2024-04-30,9.0821,8.8606,9.2509,8.8079,8643932.0,603903
2024-05-06,8.8923,9.0505,9.061,8.8923,6980429.0,603903
2024-05-07,9.04,9.0294,9.0927,8.9239,4517224.0,603903
2024-05-08,9.0294,9.04,9.1665,8.9556,5719508.0,603903
2024-05-09,9.04,9.1138,9.1665,8.9978,4142100.0,603903
2024-05-10,9.1032,8.9978,9.1454,8.9872,3668860.0,603903
2024-05-13,8.9767,8.9028,9.061,8.8817,4333241.0,603903
2024-05-14,8.8712,8.9556,9.0083,8.8606,3132096.0,603903
2024-05-15,8.945,8.9028,9.0189,8.8184,3358552.0,603903
2024-05-16,8.9556,9.0821,9.1454,8.9134,4530067.0,603903
2024-05-17,9.0821,9.0821,9.1771,8.9661,3338712.0,603903
2024-05-20,9.0821,9.0294,9.1243,8.9767,3599879.0,603903
2024-05-21,8.9767,8.8606,9.0083,8.8395,2597924.0,603903
2024-05-22,8.8501,8.8712,8.9661,8.8395,2310499.0,603903
2024-05-23,8.8501,8.5336,8.8501,8.5231,4395140.0,603903
2024-05-24,8.5758,8.6075,8.7551,8.5442,2410476.0,603903
2024-05-27,8.5969,8.5653,8.6602,8.407,3334952.0,603903
2024-05-28,8.6075,8.4281,8.6075,8.386,2853022.0,603903
2024-05-29,8.4176,8.4914,8.5442,8.3438,1916735.0,603903
2024-05-30,8.502,8.4598,8.5864,8.4176,2330296.0,603903
2024-05-31,8.4598,8.5125,8.5653,8.3965,2353996.0,603903
2024-06-03,8.5471,8.277,8.5903,8.1581,3427896.0,603903
2024-06-04,8.2338,8.1041,8.277,8.0176,2821200.0,603903
2024-06-05,8.0933,7.9204,8.0933,7.8988,2612280.0,603903
2024-06-06,7.9528,7.4774,7.9636,7.4341,5260450.0,603903
2024-06-07,7.5638,7.888,7.9096,7.5098,4428719.0,603903
2024-06-11,7.8772,7.8231,7.9204,7.6395,2705972.0,603903
2024-06-12,7.834,7.9204,7.942,7.7367,1872600.0,603903
2024-06-13,7.9204,7.834,8.0176,7.7799,2418784.0,603903
2024-06-14,7.8231,7.834,7.888,7.7583,1463600.0,603903
2024-06-17,7.8123,7.7043,7.8664,7.6611,2005359.0,603903
2024-06-18,7.7475,7.8123,7.9096,7.6611,2140900.0,603903
2024-06-19,7.8015,7.834,7.8988,7.7799,1598200.0,603903
2024-06-20,7.8123,7.6286,7.8556,7.5746,2187692.0,603903
2024-06-21,7.607,7.6827,7.7475,7.5314,1855156.0,603903
2024-06-24,7.6503,7.3585,7.6503,7.3369,3568045.0,603903
2024-06-25,7.3693,7.4558,7.5314,7.3693,2117808.0,603903
2024-06-26,7.4774,7.6611,7.6827,7.3909,2171508.0,603903
2024-06-27,7.6935,7.5746,7.7691,7.553,1641250.0,603903
2024-06-28,7.5638,7.5746,7.7043,7.5422,1935388.0,603903
2024-07-01,7.5746,7.6935,7.7043,7.5314,1859648.0,603903
2024-07-02,7.7583,7.7367,7.8231,7.6503,2319896.0,603903
2024-07-03,7.7799,7.7043,7.8123,7.6719,1861290.0,603903
2024-07-04,7.7151,7.4125,7.7691,7.4017,2965240.0,603903
2024-07-05,7.4125,7.4125,7.4125,7.4125,0.0,603903
2024-07-08,7.4341,7.1964,7.4774,7.1316,3442100.0,603903
2024-07-09,7.1964,7.2937,7.3045,6.9803,3326008.0,603903
2024-07-10,6.5697,6.5697,6.7102,6.5697,7974273.0,603903
2024-07-11,6.4617,6.5481,6.5697,6.386,10709424.0,603903
2024-07-12,6.5157,6.5805,6.667,6.5049,7251422.0,603903
2024-07-15,6.6021,6.4617,6.6021,6.386,4183600.0,603903
2024-07-16,6.4509,6.2996,6.4509,6.278,4795300.0,603903
2024-07-17,6.2996,6.3212,6.332,6.1807,4300235.0,603903
2024-07-18,6.2564,6.2564,6.2888,6.0943,3626465.0,603903
2024-07-19,6.2239,6.2888,6.332,6.1807,3162196.0,603903
2024-07-22,6.3212,6.3644,6.3752,6.2347,2783820.0,603903
2024-07-23,6.4725,6.2996,6.5481,6.2888,3936553.0,603903
2024-07-24,6.1807,6.2131,6.3212,6.1159,2647504.0,603903
2024-07-25,6.2023,6.3536,6.3752,6.1267,2293500.0,603903
2024-07-26,6.3428,6.4184,6.44,6.2888,2423140.0,603903
2024-07-29,6.4076,6.4076,6.4617,6.332,2150800.0,603903
2024-07-30,6.4076,6.4617,6.4725,6.3752,1936393.0,603903
2024-07-31,6.4725,6.6562,6.667,6.4509,3718174.0,603903
2024-08-01,6.6778,6.6454,6.7102,6.6021,2967206.0,603903
2024-08-02,6.5913,6.5589,6.667,6.4941,2534900.0,603903
2024-08-05,6.5157,6.3968,6.6562,6.3968,2820000.0,603903
2024-08-06,6.4509,6.5373,6.5373,6.4076,2807575.0,603903
2024-08-07,6.5373,6.4833,6.5805,6.4725,2260322.0,603903
2024-08-08,6.4833,6.5697,6.6021,6.4292,2758330.0,603903
2024-08-09,6.5913,6.5481,6.6454,6.5265,1806700.0,603903
2024-08-12,6.5913,6.6237,6.721,6.5589,3318660.0,603903
2024-08-13,6.6129,6.6778,6.6778,6.44,3495152.0,603903
2024-08-14,6.667,6.775,7.0992,6.6237,10965106.0,603903
2024-08-15,6.8074,6.6345,6.8615,6.6129,7629229.0,603903
2024-08-16,6.6562,6.5157,6.6778,6.4833,4919770.0,603903
2024-08-19,6.5157,6.4617,6.5373,6.386,2548248.0,603903
2024-08-20,6.4617,6.2996,6.5157,6.278,2810842.0,603903
2024-08-21,6.2888,6.2455,6.3104,6.2023,2613000.0,603903
2024-08-22,6.2455,6.1375,6.3104,6.1375,1931836.0,603903
2024-08-23,6.1051,6.0727,6.1915,6.0186,2513900.0,603903
2024-08-26,6.0727,6.2347,6.2455,5.9538,2724300.0,603903
2024-08-27,6.2672,6.1699,6.2672,6.1483,1791500.0,603903
2024-08-28,6.1807,6.2131,6.3212,6.0943,1812401.0,603903
2024-08-29,6.2131,6.2888,6.3104,6.1807,2191600.0,603903
2024-08-30,6.2564,6.2888,6.4076,6.1699,5408160.0,603903
2024-09-02,6.2564,6.0402,6.278,6.0186,5184784.0,603903
2024-09-03,6.0294,5.997,6.0619,5.9106,3680093.0,603903
2024-09-04,5.9754,5.9646,5.997,5.9106,3172984.0,603903
2024-09-05,5.9646,6.0402,6.0402,5.943,2179188.0,603903
2024-09-06,6.0186,5.9214,6.0727,5.9106,2352692.0,603903
2024-09-09,5.889,5.9862,5.997,5.8133,2475408.0,603903
2024-09-10,5.9862,5.997,6.0402,5.889,1905732.0,603903
2024-09-11,5.943,5.9646,6.0078,5.9214,1534440.0,603903
2024-09-12,5.9646,5.9646,6.0186,5.9538,1714092.0,603903
2024-09-13,5.9862,5.8782,5.9862,5.8782,1539384.0,603903
2024-09-18,5.8566,5.7917,5.9214,5.6837,2205184.0,603903
2024-09-19,5.8241,5.9754,6.0078,5.8241,2585632.0,603903
2024-09-20,6.0186,5.9214,6.0186,5.8674,1639220.0,603903
2024-09-23,5.9214,5.9646,5.9754,5.889,1128876.0,603903
2024-09-24,5.9538,6.1483,6.1699,5.9538,3070576.0,603903
2024-09-25,6.2131,6.2239,6.332,6.1483,3816714.0,603903
2024-09-26,6.2455,6.4184,6.4184,6.1699,3495344.0,603903
2024-09-27,6.5157,6.6778,6.6778,6.4833,3970864.0,603903
2024-09-30,6.8182,7.2288,7.3369,6.7858,12525212.0,603903
2024-10-08,7.942,7.5638,7.942,7.2937,10585673.0,603903
2024-10-09,7.5314,6.9263,7.5314,6.9155,7652533.0,603903
2024-10-10,6.9263,7.0127,7.1748,6.7966,5433108.0,603903
2024-10-11,7.056,6.775,7.056,6.7318,4193592.0,603903
2024-10-14,6.8939,6.9587,6.9695,6.7642,4657120.0,603903
2024-10-15,6.9695,6.9047,7.1964,6.829,6549272.0,603903
2024-10-16,6.8615,6.8831,6.9479,6.721,4506752.0,603903
2024-10-17,6.9371,6.775,6.9587,6.7534,4425032.0,603903
2024-10-18,6.7966,6.8615,6.9587,6.6886,5479631.0,603903
2024-10-21,6.8831,6.8831,6.9587,6.829,4513096.0,603903
2024-10-22,6.8723,6.9803,7.0127,6.8398,4112181.0,603903
2024-10-23,7.0019,6.9911,7.056,6.9479,4482312.0,603903
2024-10-24,6.8615,6.9803,6.9911,6.7966,4977880.0,603903
2024-10-25,6.9479,7.0776,7.1208,6.9371,4874436.0,603903
2024-10-28,7.0884,7.3261,7.3693,7.0884,5675052.0,603903
2024-10-29,7.3369,7.0992,7.4341,7.0776,5502184.0,603903
2024-10-30,7.0343,7.4341,7.8123,7.0235,12894544.0,603903
2024-10-31,7.2072,7.3477,7.4558,7.2072,11488429.0,603903
2024-11-01,7.3153,7.0127,7.4882,7.0019,8384350.0,603903
2024-11-04,6.9695,7.1316,7.1424,6.8182,4773157.0,603903
2024-11-05,7.164,7.2829,7.2829,7.1316,4980412.0,603903
2024-11-06,7.2829,7.3693,7.4017,7.1964,6099304.0,603903
2024-11-07,7.3693,7.6395,7.7259,7.2613,8506020.0,603903
2024-11-08,7.6719,7.5314,7.7367,7.445,5470724.0,603903
2024-11-11,7.5206,7.7043,7.8231,7.5098,6452484.0,603903
2024-11-12,7.7043,7.7151,7.8556,7.5962,7355549.0,603903
2024-11-13,7.7259,7.7043,7.8015,7.5422,4792853.0,603903
2024-11-14,7.7043,7.445,7.7259,7.4233,4229720.0,603903
2024-11-15,7.4341,7.3153,7.5854,7.3153,5659894.0,603903
2024-11-18,7.3585,7.2505,7.445,7.164,4582941.0,603903
2024-11-19,7.2721,7.3477,7.3477,7.1748,3448250.0,603903
2024-11-20,7.3477,7.5746,7.6178,7.3153,4644504.0,603903
2024-11-21,7.5746,7.7367,7.8231,7.4882,7023591.0,603903
2024-11-22,7.7367,7.445,7.8231,7.4125,5868056.0,603903
2024-11-25,7.445,7.7907,7.888,7.3585,9665104.0,603903
2024-11-26,7.7907,7.6178,7.8231,7.5638,5221996.0,603903
2024-11-27,7.5854,7.7043,7.7043,7.3801,5742000.0,603903
2024-11-28,7.7259,7.7799,7.8772,7.6827,6070520.0,603903
2024-11-29,7.7583,7.8123,7.8448,7.6178,5408222.0,603903
2024-12-02,7.8123,7.8988,7.9204,7.8015,5250909.0,603903
2024-12-03,7.8988,7.8664,8.0717,7.8448,6895184.0,603903
2024-12-04,7.8772,7.7259,7.9096,7.6719,4358660.0,603903
2024-12-05,7.7259,7.8772,7.8772,7.6286,4279264.0,603903
2024-12-06,7.9312,7.996,7.996,7.8448,4061020.0,603903
2024-12-09,8.0068,7.9852,8.0717,7.834,4554584.0,603903
2024-12-10,8.1041,7.8772,8.1581,7.8556,6196880.0,603903
2024-12-11,7.888,7.9744,8.0068,7.888,4679762.0,603903
2024-12-12,8.0609,8.774,8.774,7.9528,27341669.0,603903
2024-12-13,8.6768,8.385,8.774,8.277,28679033.0,603903
2024-12-16,8.3418,8.2986,8.5147,8.2338,12349692.0,603903
2024-12-17,8.2554,7.6395,8.4066,7.6286,13409000.0,603903
2024-12-18,7.6827,7.5638,7.7691,7.445,7909828.0,603903
2024-12-19,7.499,7.5098,7.5746,7.3585,6069400.0,603903
2024-12-20,7.4882,7.7043,7.7259,7.4774,6096700.0,603903
2024-12-23,7.6719,7.0992,7.6935,7.0343,8120240.0,603903
2024-12-24,7.164,7.0992,7.1964,6.9803,5665040.0,603903
2024-12-25,7.0668,6.9479,7.0992,6.7858,5332600.0,603903
2024-12-26,6.9155,7.0343,7.1748,6.9155,3731740.0,603903
2024-12-27,7.0776,7.1316,7.1964,7.0452,3284351.0,603903
2024-12-30,7.1208,7.0019,7.1208,6.8398,3564969.0,603903
2024-12-31,7.0019,6.9479,7.2613,6.9263,5158975.0,603903
2025-01-02,6.9587,6.8723,7.1424,6.8074,4823048.0,603903
2025-01-03,6.9911,6.5157,6.9911,6.4725,5714008.0,603903
2025-01-06,6.5157,6.5481,6.5697,6.2131,3682936.0,603903
2025-01-07,6.5049,6.6562,6.6562,6.4725,2818420.0,603903
2025-01-08,6.6129,6.667,6.721,6.4617,3110520.0,603903
2025-01-09,6.6454,6.667,6.7642,6.5697,2316800.0,603903
2025-01-10,6.6454,6.4941,6.721,6.4941,3036680.0,603903
2025-01-13,6.4833,6.5481,6.5805,6.3212,2695780.0,603903
2025-01-14,6.5913,6.9155,6.9263,6.5697,4639865.0,603903
2025-01-15,6.9155,6.9155,6.9479,6.8507,2322556.0,603903
2025-01-16,6.9587,6.9695,7.0668,6.9047,2869134.0,603903
2025-01-17,6.9695,6.9047,7.0668,6.8723,2265512.0,603903
2025-01-20,6.7534,6.9587,7.0343,6.667,4857876.0,603903
2025-01-21,6.9587,6.7642,7.0127,6.7318,4410262.0,603903
2025-01-22,6.7534,6.7534,7.056,6.667,4614489.0,603903
2025-01-23,6.8507,6.9371,7.0235,6.8074,5084700.0,603903
2025-01-24,6.8939,6.9263,7.0668,6.775,4036080.0,603903
2025-01-27,6.9587,6.9587,7.0776,6.9371,3324360.0,603903
2025-02-05,7.056,7.11,7.1316,6.9587,3411480.0,603903
2025-02-06,7.11,7.1424,7.164,7.0127,3690360.0,603903
2025-02-07,7.1964,7.1748,7.2288,7.0776,3746379.0,603903
2025-02-10,7.1748,7.2937,7.3045,7.1748,3260100.0,603903
2025-02-11,7.2937,7.218,7.3369,7.1424,3115527.0,603903
2025-02-12,7.2721,7.4558,7.7259,7.1424,9400924.0,603903
2025-02-13,7.3693,7.1748,7.3909,7.1532,6554576.0,603903
2025-02-14,7.1316,7.0992,7.2288,7.0992,3228105.0,603903
2025-02-17,7.1424,7.2721,7.2937,7.0992,3942120.0,603903
2025-02-18,7.2613,7.0668,7.2829,7.0235,3678480.0,603903
2025-02-19,7.7691,7.7691,7.7691,7.7691,4105232.0,603903
2025-02-20,7.7799,7.607,8.1905,7.3153,26081335.0,603903
2025-02-21,7.553,7.499,7.6395,7.3153,14366016.0,603903
2025-02-24,7.4125,7.4882,7.5098,7.3585,8106616.0,603903
2025-02-25,7.4558,7.3369,7.4774,7.3153,6800700.0,603903
2025-02-26,7.3261,7.4125,7.4341,7.3261,4960028.0,603903
2025-02-27,7.3693,7.4233,7.445,7.2288,5705788.0,603903
2025-02-28,7.3909,7.2937,7.4666,7.2937,5195200.0,603903
2025-03-03,7.2613,7.3693,7.4666,7.2613,4217984.0,603903
2025-03-04,7.3261,7.4882,7.499,7.3153,4527720.0,603903
2025-03-05,7.4882,7.4233,7.5206,7.2829,4151872.0,603903
2025-03-06,7.4125,7.4774,7.4882,7.3693,5107580.0,603903
2025-03-07,7.4341,7.4125,7.5098,7.3801,3150000.0,603903
2025-03-10,7.3693,7.5314,7.5638,7.3693,4262852.0,603903
2025-03-11,7.4774,7.5854,7.6395,7.4666,4857700.0,603903
2025-03-12,7.6503,7.5854,7.6611,7.5422,3226384.0,603903
2025-03-13,7.5854,7.553,7.5854,7.4017,4546684.0,603903
2025-03-14,7.5098,7.6719,7.6827,7.5098,5255336.0,603903
2025-03-17,7.6719,7.7691,7.8015,7.6395,4486516.0,603903
2025-03-18,7.8015,7.9204,7.9312,7.7691,5279236.0,603903
2025-03-19,7.8988,7.8123,7.9096,7.7691,3773824.0,603903
2025-03-20,7.8123,7.8231,7.8772,7.6827,3813000.0,603903
2025-03-21,7.8231,7.7583,7.8664,7.7259,3614372.0,603903
2025-03-24,7.7259,7.3045,7.7691,7.1964,7531484.0,603903
2025-03-25,7.3693,7.3585,7.4017,7.1208,4880880.0,603903
2025-03-26,7.2829,7.5206,7.553,7.2829,4003740.0,603903
2025-03-27,7.5206,7.3909,7.5422,7.2937,3741280.0,603903
2025-03-28,7.4233,7.2937,7.4233,7.2288,3316044.0,603903
2025-03-31,7.2937,7.2288,7.3045,7.1316,3119060.0,603903
2025-04-01,7.2397,7.4017,7.5098,7.2397,3324120.0,603903
2025-04-02,7.4125,7.4017,7.4882,7.3477,2237604.0,603903
2025-04-03,7.3153,7.4558,7.4666,7.2721,2812432.0,603903
2025-04-07,7.1208,6.7102,7.1208,6.7102,5286188.0,603903
2025-04-08,6.5697,6.6021,6.8074,6.4184,4934480.0,603903
2025-04-09,6.4833,6.829,6.8507,6.1699,5083952.0,603903
2025-04-10,6.9155,6.9587,7.0668,6.9047,3665584.0,603903
2025-04-11,6.9803,6.9263,7.0668,6.9047,2467724.0,603903
2025-04-14,6.9695,7.056,7.1532,6.9695,2260460.0,603903
2025-04-15,7.1208,7.1424,7.164,7.056,2284480.0,603903
2025-04-16,7.0776,7.0235,7.1856,6.8939,3071783.0,603903
2025-04-17,7.0127,7.1316,7.2721,6.9587,2766980.0,603903
2025-04-18,7.164,7.1748,7.2288,7.0992,2009000.0,603903
2025-04-21,7.164,7.2505,7.2937,7.1424,2461200.0,603903
2025-04-22,7.2721,7.3477,7.4017,7.2613,2664880.0,603903
2025-04-23,7.3477,7.3477,7.4774,7.2505,3558264.0,603903
2025-04-24,7.2937,7.2397,7.3585,7.2072,2645900.0,603903
2025-04-25,7.3153,7.2721,7.3585,7.2288,2414600.0,603903
2025-04-28,7.2721,7.1748,7.3045,7.1316,2798196.0,603903
2025-04-29,7.0992,7.3369,7.3693,7.0992,4751356.0,603903
2025-04-30,7.3477,7.3909,7.445,7.2829,4031687.0,603903
2025-05-06,7.4558,7.5422,7.6719,7.4558,5915272.0,603903
2025-05-07,7.553,7.5638,7.7583,7.499,5466384.0,603903
2025-05-08,7.5638,7.6611,7.6935,7.4666,3812088.0,603903
2025-05-09,7.6611,7.6935,7.7475,7.6178,4295344.0,603903
2025-05-12,7.7043,7.6611,7.7475,7.607,2947326.0,603903
2025-05-13,7.6719,7.6719,7.7907,7.6178,2893636.0,603903
2025-05-14,7.6719,7.7043,7.8772,7.5962,5706488.0,603903
2025-05-15,7.7259,7.7367,7.7799,7.6286,2967728.0,603903
2025-05-16,7.7259,7.7691,7.8123,7.6827,3313600.0,603903
2025-05-19,7.7799,7.9096,7.9528,7.7691,3949720.0,603903
2025-05-20,7.9096,8.0609,8.2121,7.834,5642220.0,603903
2025-05-21,8.0393,7.9528,8.0717,7.8448,4073300.0,603903
2025-05-22,7.9636,7.7475,7.9852,7.7259,4522174.0,603903
2025-05-23,7.8123,7.8015,7.9636,7.7259,4967388.0,603903
2025-05-26,7.7367,7.8988,7.942,7.7367,3268468.0,603903
2025-05-27,7.9204,7.9852,7.996,7.8123,3838332.0,603903
2025-05-28,7.9852,8.0176,8.0933,7.8988,3359784.0,603903
2025-05-29,7.9852,8.1365,8.1365,7.9312,3957376.0,603903
2025-05-30,8.2121,8.0501,8.2229,7.9852,4114676.0,603903
2025-06-03,7.9636,8.0501,8.0933,7.942,3806360.0,603903
2025-06-04,7.996,8.1149,8.1257,7.996,3586176.0,603903
2025-06-05,8.1365,8.0501,8.1797,7.996,3589460.0,603903
2025-06-06,8.0717,8.2446,8.2878,7.996,4757416.0,603903
2025-06-09,8.2662,8.1905,8.2662,8.1257,4769476.0,603903
2025-06-10,8.2121,8.1041,8.2446,8.0176,4434736.0,603903
2025-06-11,8.0933,8.1041,8.1905,8.0825,3281116.0,603903
2025-06-12,8.1365,8.1689,8.1689,8.0609,3396472.0,603903
2025-06-13,8.0933,7.9744,8.2013,7.9312,4200800.0,603903
2025-06-16,8.0176,8.1041,8.1689,7.942,4695400.0,603903
2025-06-17,8.1041,8.0068,8.1581,7.9528,3645900.0,603903
2025-06-18,7.996,7.996,8.1365,7.942,4246700.0,603903
2025-06-19,8.0068,7.9204,8.0284,7.8664,5462196.0,603903
2025-06-20,7.8664,7.834,8.0609,7.8123,2943240.0,603903
2025-06-23,7.6827,8.0825,8.0825,7.6827,3702392.0,603903
2025-06-24,8.1041,8.277,8.2986,8.0393,3714444.0,603903
2025-06-25,8.2986,8.2338,8.4174,8.1689,6668148.0,603903
2025-06-26,8.2662,8.2878,8.2986,8.2013,2905812.0,603903
2025-06-27,8.3634,8.4066,8.4391,8.3094,4318232.0,603903
2025-06-30,8.4283,8.4391,8.4715,8.3094,3926348.0,603903
2025-07-01,8.4607,8.4283,8.4823,8.3418,4040320.0,603903
2025-07-02,8.4823,8.5147,8.5147,8.4066,3498004.0,603903
2025-07-03,8.5147,8.5687,8.5795,8.4499,2924312.0,603903
2025-07-04,8.5903,8.4283,8.5903,8.3958,2916040.0,603903
2025-07-07,8.385,8.5903,8.6227,8.385,3459496.0,603903
2025-07-08,8.6336,8.6011,8.6876,8.5471,3881500.0,603903
2025-07-09,8.6336,8.6444,8.7308,8.5903,3632936.0,603903
2025-07-10,8.6444,8.6984,8.6984,8.5363,3783916.0,603903
2025-07-11,8.7308,8.5255,8.7524,8.5255,3993500.0,603903
2025-07-14,8.6227,8.7632,8.774,8.5471,5154744.0,603903
2025-07-15,8.8064,8.5687,8.8064,8.4499,5089700.0,603903
2025-07-16,8.5579,8.5903,8.6444,8.5471,3554116.0,603903
2025-07-17,8.6119,8.5687,8.6768,8.5579,2306060.0,603903
2025-07-18,8.6011,8.5687,8.6119,8.5039,2552474.0,603903
2025-07-21,8.666,8.7848,9.0117,8.6227,7178020.0,603903
2025-07-22,8.7848,8.7956,8.8281,8.6984,3342373.0,603903
2025-07-23,8.7848,8.7524,8.9037,8.7416,3580420.0,603903
2025-07-24,8.7524,8.8605,8.9145,8.7416,3356736.0,603903
2025-07-25,8.8605,8.8929,8.9145,8.7632,2840832.0,603903
2025-07-28,8.9469,8.9577,8.9901,8.7956,4085676.0,603903
2025-07-29,8.9469,8.9145,9.0117,8.72,5144040.0,603903
2025-07-30,8.9145,8.8605,8.9685,8.7632,4446640.0,603903
2025-07-31,8.8713,8.666,8.9037,8.6552,3798273.0,603903
2025-08-01,8.6876,8.8389,8.8605,8.666,5120124.0,603903
2025-08-04,8.774,9.1738,9.7249,8.7632,31801380.0,603903
2025-08-05,9.0334,8.9577,9.444,8.9253,25363701.0,603903
2025-08-06,9.0982,8.9145,9.1306,8.8497,12015089.0,603903
2025-08-07,8.9577,8.8172,8.9577,8.7956,9989000.0,603903
2025-08-08,8.8172,8.9037,8.9469,8.6984,9673340.0,603903
2025-08-11,8.9037,8.9361,8.9685,8.7956,8137205.0,603903
2025-08-12,8.9253,8.8281,8.9685,8.8172,6412200.0,603903
2025-08-13,8.8281,8.7092,8.8713,8.6984,6822772.0,603903
2025-08-14,8.7416,8.4499,8.7524,8.4283,7483588.0,603903
2025-08-15,9.2819,9.2927,9.2927,9.0226,16444668.0,603903
2025-08-18,9.6168,9.1954,9.7033,9.1198,32817065.0,603903
2025-08-19,9.2819,9.163,9.2927,9.0117,14917250.0,603903
2025-08-20,9.1522,9.3035,9.6168,9.0766,18690223.0,603903
2025-08-21,9.3791,9.498,9.833,9.2711,18396340.0,603903
2025-08-22,9.6817,9.4224,9.6925,9.217,12296108.0,603903
2025-08-25,9.444,10.0491,10.2111,9.444,18434689.0,603903
2025-08-26,10.0599,10.0707,10.2111,9.8222,12183996.0,603903
2025-08-27,10.0707,10.8703,11.0756,10.0707,28262722.0,603903
2025-08-28,10.8811,10.6758,11.2917,10.6001,27616467.0,603903
2025-08-29,10.9351,10.9675,11.0648,10.4597,12453309.0,603903
2025-09-01,10.9675,11.2269,11.497,10.8271,17089972.0,603903
2025-09-02,11.2269,11.6375,11.832,10.7298,20698966.0,603903
2025-09-03,11.5078,12.5343,12.7612,11.5078,24120904.0,603903
2025-09-04,12.1345,12.8585,12.999,12.1345,22509200.0,603903
2025-09-05,12.9665,13.6689,13.7229,12.5451,24614042.0,603903
2025-09-08,13.6149,12.3074,13.6149,12.3074,18384976.0,603903
2025-09-09,11.5618,11.886,12.2534,11.0972,21886928.0,603903
2025-09-10,11.7779,12.275,12.4263,11.7347,15651526.0,603903
2025-09-11,12.1885,12.9665,13.053,12.0913,14476992.0,603903
2025-09-12,12.8801,12.5883,13.2583,12.5775,15800019.0,603903
2025-09-15,12.6208,12.2102,12.8261,11.8428,17446840.0,603903
2025-09-16,12.2534,12.2102,12.4155,11.8968,12092840.0,603903
2025-09-17,12.383,11.832,12.383,11.6915,10169673.0,603903
2025-09-18,11.7779,11.4862,11.7779,11.2377,12941748.0,603903
2025-09-19,11.497,11.4322,11.6159,11.1944,7583481.0,603903
2025-09-22,11.3457,11.5186,11.6483,10.9783,10307462.0,603903
2025-09-23,11.7023,12.6748,12.6748,10.9999,20329202.0,603903
2025-09-24,12.7504,12.3398,12.8153,11.9076,20657304.0,603903
2025-09-25,12.275,12.6316,13.107,12.275,18178779.0,603903
2025-09-26,12.4479,12.6424,12.9665,12.1129,12562617.0,603903
2025-09-29,12.4803,13.1826,13.4204,12.3398,15738604.0,603903
2025-09-30,13.1826,13.2259,13.5392,12.9665,11693446.0,603903
2025-10-09,13.2367,12.9341,13.3988,12.7504,13885252.0,603903
2025-10-10,13.053,13.0854,13.107,12.7504,8984324.0,603903
2025-10-13,12.9773,14.3929,14.3929,12.9773,14630641.0,603903
2025-10-14,15.0628,15.83,15.83,14.4361,39971057.0,603903
2025-10-15,15.8084,16.1758,16.5972,15.3005,39721605.0,603903
2025-10-16,16.0461,15.83,16.9537,15.6139,35823064.0,603903
2025-10-17,15.9596,15.3653,16.2298,15.1709,27560600.0,603903
2025-10-20,15.2141,16.1866,16.2838,15.1276,25595856.0,603903
2025-10-21,16.0353,16.716,16.9105,16.0353,21515365.0,603903
2025-10-22,16.9429,17.2455,17.7534,16.4027,21013032.0,603903
2025-10-23,17.1807,17.9046,18.1423,16.9862,22960336.0,603903
2025-10-24,18.0451,17.2887,18.3044,16.5864,23775607.0,603903
2025-10-27,19.0176,15.5598,19.0176,15.5598,43285880.0,603903
2025-10-28,14.6954,15.6139,15.83,14.6954,24178433.0,603903
2025-10-29,15.6139,15.2357,15.9921,15.1492,18762120.0,603903
2025-10-30,15.2681,14.717,15.3329,14.4793,15173847.0,603903
2025-10-31,15.2357,16.1866,16.1866,15.2249,10761386.0,603903
2025-11-03,16.2082,16.4891,16.716,15.6139,25603304.0,603903
2025-11-04,16.4891,16.1217,16.9646,16.0137,12229444.0,603903
2025-11-05,16.0245,16.0137,16.1974,15.549,10863900.0,603903
2025-11-06,15.9596,15.4626,16.1217,15.3545,11027628.0,603903
2025-11-07,15.6463,15.387,15.6463,15.2789,6787880.0,603903
2025-11-10,15.2897,15.2789,15.7219,15.2357,7622980.0,603903
2025-11-11,15.3113,15.2897,15.5382,15.106,5809972.0,603903
2025-11-12,15.2897,15.106,15.5274,15.0844,4722400.0,603903
2025-11-13,15.3005,15.4086,15.9056,14.9547,10280908.0,603903
2025-11-14,15.4194,16.5215,16.7268,15.3113,15316088.0,603903
2025-11-17,16.4783,16.4351,16.9429,15.9488,11634927.0,603903
2025-11-18,16.3811,16.0245,16.3811,15.8948,6628688.0,603903
2025-11-19,16.0893,16.9105,17.4292,15.9921,16827440.0,603903
2025-11-20,16.9213,17.6561,17.6561,16.7052,16406495.0,603903
2025-11-21,17.2887,16.8025,17.6561,16.2082,14004432.0,603903
2025-11-24,16.6296,16.2082,16.9213,15.6679,10707209.0,603903
2025-11-25,16.2082,17.7858,17.829,16.2082,27210938.0,603903
2025-11-26,17.6345,18.0235,18.5313,17.4508,18958793.0,603903
2025-11-27,17.7101,17.3752,18.0775,17.3752,12253764.0,603903
2025-11-28,17.4832,18.5746,18.6178,17.2887,14354188.0,603903
2025-12-01,18.3693,18.661,19.1689,17.9154,14001016.0,603903
2025-12-02,18.5638,18.2504,18.6286,18.1315,7744602.0,603903
2025-12-03,18.1856,17.5264,18.4773,17.1807,10676544.0,603903
2025-12-04,17.548,17.0186,17.6993,16.8997,8059672.0,603903
2025-12-05,17.0726,16.8889,17.1699,16.4567,8206264.0,603903
2025-12-08,16.3811,16.8997,17.1591,16.3811,6310316.0,603903
2025-12-09,16.8997,16.5648,17.0402,16.3811,6203148.0,603903
2025-12-10,16.6404,16.3595,16.7917,16.0353,7246920.0,603903
2025-12-11,16.3595,16.6296,17.0942,16.219,7483016.0,603903
2025-12-12,16.5539,15.9921,16.6296,15.9813,7218100.0,603903
2025-12-15,15.9813,15.8624,16.5215,15.6031,6001344.0,603903
2025-12-16,15.9596,16.3378,16.9321,15.7435,11193008.0,603903
2025-12-17,16.2082,16.0461,16.4243,15.6139,7011196.0,603903
2025-12-18,15.8516,16.5323,17.0942,15.7543,11697480.0,603903
2025-12-19,16.5323,16.9537,17.0078,16.1866,7935368.0,603903
2025-12-22,16.8997,15.8948,16.9537,15.8516,15158900.0,603903
2025-12-23,16.0677,15.5382,16.0677,15.5058,5900968.0,603903
2025-12-24,15.549,15.7219,15.8516,15.2357,5870544.0,603903
2025-12-25,15.7219,15.5274,15.7868,15.441,5935148.0,603903
2025-12-26,15.5598,15.5166,16.0353,15.4518,5444119.0,603903
2025-12-29,15.5166,15.0412,15.5166,14.9764,8477336.0,603903
2025-12-30,15.0736,15.2249,15.495,15.0412,7056992.0,603903
2025-12-31,15.5274,15.7219,15.7868,15.1492,8607620.0,603903
2026-01-05,15.7868,15.3113,15.83,15.1817,10108496.0,603903
2026-01-06,16.2082,14.7278,16.8349,14.0471,22230640.0,603903
2026-01-07,14.2848,13.7013,14.5009,13.55,20633896.0,603903
2026-01-08,13.6365,14.5874,14.8575,13.5933,17528897.0,603903
2026-01-09,14.5333,13.9282,14.5441,13.885,16327492.0,603903
2026-01-12,13.939,13.8202,13.939,13.496,12661776.0,603903
2026-01-13,13.8958,13.6689,14.0471,13.6473,10261928.0,603903
2026-01-14,13.7553,13.7337,13.939,13.5608,8735364.0,603903
2026-01-15,13.7661,13.6473,13.8742,13.5716,6606608.0,603903
2026-01-16,13.6149,13.6149,13.7229,13.4528,5984756.0,603903
2026-01-19,13.6041,13.9823,14.1227,13.55,13917684.0,603903
2026-01-20,13.939,14.328,14.8467,13.885,17079812.0,603903
2026-01-21,14.2524,13.9066,14.3172,13.8418,7935652.0,603903
2026-01-22,14.1119,14.0363,14.1443,13.8634,7485304.0,603903
2026-01-23,14.0471,14.328,14.3604,13.939,8311400.0,603903
2026-01-26,14.0579,13.5608,14.0687,13.4528,11156512.0,603903
2026-01-27,13.55,13.3663,13.5933,13.0962,7165477.0,603903
2026-01-28,13.3988,13.1935,13.5824,13.1286,5744764.0,603903
2026-01-29,13.0638,12.9449,13.2367,12.9125,6494472.0,603903
2026-01-30,12.8585,13.3231,13.3771,12.8369,7366292.0,603903
2026-02-02,13.2799,13.1502,13.5392,13.1394,5329360.0,603903
2026-02-03,13.4636,13.1935,13.4636,12.999,4799817.0,603903
2026-02-04,13.161,13.3231,13.442,13.0962,4936881.0,603903
2026-02-05,13.2367,13.1826,13.3771,13.161,3094600.0,603903
2026-02-06,13.2043,13.4096,13.4744,13.107,4392500.0,603903
2026-02-09,13.5608,13.5608,13.6581,13.4096,3674340.0,603903
2026-02-10,13.55,13.4744,13.6473,13.4636,2622196.0,603903
2026-02-11,13.5392,13.496,13.5933,13.2691,4648424.0,603903
2026-02-12,13.496,13.2799,13.5608,13.2151,4273400.0,603903
2026-02-13,13.3447,13.4852,13.5608,13.2151,4465032.0,603903
2026-02-24,13.5284,13.7121,13.7553,13.5284,4825440.0,603903
2026-02-25,13.7013,13.7229,13.7661,13.6365,3734240.0,603903
2026-02-26,13.7013,13.8526,14.0147,13.6689,5957532.0,603903
2026-02-27,13.8202,14.2092,14.2092,13.7769,7000452.0,603903
2026-03-02,13.9931,13.3015,14.0363,13.2367,9237612.0,603903
2026-03-03,13.3555,12.9125,13.442,12.8801,5456600.0,603903
2026-03-04,12.8585,13.0206,13.1178,12.6424,4931900.0,603903
2026-03-05,13.0638,13.0422,13.2151,12.9882,3348848.0,603903
2026-03-06,12.8801,13.496,13.5608,12.8801,5297470.0,603903
2026-03-09,13.3988,13.3339,13.4852,13.0962,3930200.0,603903
2026-03-10,13.55,13.5392,13.5608,13.3663,3629700.0,603903
2026-03-11,13.5068,13.2907,13.5933,13.2907,2699000.0,603903
2026-03-12,13.2583,12.9773,13.2907,12.9233,4182465.0,603903
2026-03-13,12.9882,12.8909,13.1935,12.8801,3215756.0,603903
2026-03-16,12.5992,13.0206,13.0314,12.5883,3311584.0,603903
2026-03-17,12.9882,12.61,13.0854,12.5775,2695280.0,603903
2026-03-18,12.6748,12.7612,12.8045,12.5343,2375497.0,603903
2026-03-19,12.6856,12.4371,12.7288,12.3614,3209400.0,603903
2026-03-20,12.4911,12.1994,12.5883,12.1021,3798988.0,603903
2026-03-23,12.1021,11.551,12.1021,11.4538,5942756.0,603903
2026-03-24,11.8752,12.3074,12.383,11.7347,6537784.0,603903
2026-03-25,12.3074,12.4155,12.5343,12.1669,3303980.0,603903
2026-03-26,12.383,12.0697,12.4587,11.886,4012396.0,603903
2026-03-27,12.0481,12.3182,12.3398,11.9508,3872000.0,603903
2026-03-30,12.2642,12.7396,12.8693,12.1345,5536700.0,603903
2026-03-31,12.5992,12.329,12.8801,12.275,4443000.0,603903
2026-04-01,12.6532,12.4155,12.6964,12.221,4226096.0,603903
2026-04-02,12.4047,12.1669,12.4371,12.0265,3550296.0,603903
2026-04-03,12.3722,12.0481,12.6316,11.886,4326656.0,603903
2026-04-07,12.1129,12.2426,12.4047,11.9616,4068720.0,603903
2026-04-08,12.4479,12.6532,12.6748,12.3398,3653340.0,603903
2026-04-09,12.6316,12.3506,12.8585,12.2966,4706140.0,603903
2026-04-10,12.4047,12.9125,13.3555,12.3939,9522876.0,603903
2026-04-13,12.8369,12.7396,12.8369,12.5019,6554500.0,603903
2026-04-14,12.7828,13.053,13.0962,12.4479,7251016.0,603903
2026-04-15,13.2691,12.8153,13.2691,12.7937,4070676.0,603903
2026-04-16,12.8369,12.8477,12.8909,12.664,2746588.0,603903
2026-04-17,12.8261,12.7504,12.8693,12.6532,2638092.0,603903
2026-04-20,12.7288,12.6748,12.7504,12.5019,3533016.0,603903
2026-04-21,12.6532,12.6748,12.7396,12.5127,3239800.0,603903
2026-04-22,12.6856,13.939,13.939,12.5343,12731543.0,603903
2026-04-23,14.3712,13.6581,14.6738,13.6581,21780744.0,603903
2026-04-24,13.6365,13.4204,13.7986,13.2691,11518428.0,603903
2026-04-27,13.496,13.161,13.496,12.7504,8605733.0,603903
2026-04-28,13.053,12.772,13.1935,12.772,7285686.0,603903
2026-04-29,12.772,12.772,13.0098,12.6208,6787005.0,603903
2026-04-30,13.1286,13.2259,13.831,13.0098,13273364.0,603903
2026-05-06,13.3988,13.3988,13.7229,13.2691,11379840.0,603903
2026-05-07,13.3988,13.1502,13.5716,13.107,10557176.0,603903
2026-05-08,13.1718,13.4744,13.7661,13.107,12952754.0,603903
2026-05-11,13.496,13.6473,13.7445,13.388,12834983.0,603903
2026-05-12,13.55,13.0746,13.5716,13.0206,10270000.0,603903
2026-05-13,13.107,13.4096,13.6041,12.9665,10044159.0,603903
2026-05-14,13.442,14.7494,14.7494,13.0746,27216010.0,603903
2026-05-15,14.7602,14.9223,15.3437,14.2308,34387732.0,603903
2026-05-18,14.5982,15.7543,16.2622,14.5657,30832362.0,603903
2026-05-19,15.6031,15.2897,15.6031,14.8467,21181046.0,603903
2026-05-20,14.8035,15.0088,15.6031,14.2308,18507024.0,603903
2026-05-21,14.8575,14.1119,15.2573,13.9714,18644510.0,603903
2026-05-22,14.1011,13.7878,14.5333,13.5608,15033972.0,603903
2026-05-25,13.885,13.3231,13.9498,12.8369,16285736.0,603903
2026-05-26,13.2043,12.7504,13.2043,12.5343,11661700.0,603903
2026-05-27,12.6856,12.3074,12.7396,12.2102,8184156.0,603903
2026-05-28,12.3506,12.5235,12.5775,12.1453,6231640.0,603903
2026-05-29,12.664,11.8536,12.6748,11.7671,10264112.0,603903
2026-06-01,11.7023,12.4911,12.6748,11.6807,8934064.0,603903
2026-06-02,12.5992,12.1994,12.5992,12.1237,5144640.0,603903
2026-06-03,12.1994,12.1021,12.2534,12.0049,4428876.0,603903
2026-06-04,12.0913,13.3123,13.3123,12.0913,13636624.0,603903
2026-06-05,13.2475,13.3555,13.8094,13.1502,15104472.0,603903
2026-06-08,13.3339,12.9341,13.442,12.772,8324020.0,603903
2026-06-09,13.053,12.9125,13.4204,12.7937,7594812.0,603903
2026-06-10,12.9017,12.6208,12.9882,12.5235,6097000.0,603903
2026-06-11,12.5883,12.5667,12.6964,12.3182,5103592.0,603903
2026-06-12,12.6532,12.5343,12.9125,12.2426,6577906.0,603903
2026-06-15,12.5667,13.1394,13.5824,12.5451,10483794.0,603903
2026-06-16,13.0746,13.2583,13.3663,12.7072,8961576.0,603903
2026-06-17,13.1935,12.6748,13.4528,12.6208,8347500.0,603903
2026-06-18,12.6856,12.5883,12.7937,12.3182,5597304.0,603903
2026-06-22,12.5883,12.1669,12.5883,11.8968,8016360.0,603903
2026-06-23,12.0913,12.275,12.5992,12.0481,5002064.0,603903
2026-06-24,12.2318,12.9773,13.3123,11.7347,12828447.0,603903
2026-06-25,12.9125,12.61,12.9557,12.4155,7248125.0,603903
2026-06-26,12.5667,13.8742,13.8742,12.5451,15702952.0,603903
2026-06-29,14.2416,14.1011,14.8899,13.8958,27955773.0,603903
2026-06-30,14.1551,14.5766,14.5874,13.8094,16789264.0,603903
2026-07-01,14.5766,14.6198,15.2357,14.3172,18214866.0,603903
2026-07-02,14.3604,14.1443,14.6306,14.0579,11705763.0,603903
2026-07-03,14.1335,15.2897,15.5598,14.1335,27609362.0,603903
2026-07-06,16.0461,16.8241,16.8241,15.8192,40412479.0,603903
2026-07-07,16.8457,17.0942,17.4832,16.4243,32064740.0,603903
2026-07-08,17.1807,17.1158,17.937,16.1974,27664894.0,603903
2026-07-09,17.2131,17.4508,17.6129,16.3703,22462818.0,603903
2026-07-10,17.1591,17.2023,17.829,16.8565,17983510.0,603903
2026-07-13,17.2023,16.4675,17.5697,16.3162,16667490.0,603903
2026-07-14,16.4351,16.7484,17.1915,16.2082,16151208.0,603903
2026-07-15,16.3919,15.6139,16.7917,15.0844,19996688.0,603903
2026-07-16,15.1817,15.2357,15.8192,15.1276,11666360.0,603903
2026-07-17,15.1925,14.8467,15.6031,14.6738,15109268.0,603903
2026-07-20,14.998,13.3663,15.0952,13.3663,14844852.0,603903
2026-07-21,13.3663,13.5284,13.7337,12.0481,18146248.0,603903
2026-07-22,13.2907,13.3771,13.8634,13.1178,9439700.0,603903
2026-07-23,13.6149,14.0795,14.1335,12.9557,17181384.0,603903
2026-07-24,13.8094,13.885,14.7386,13.6041,21151896.0,603903
2026-07-27,14.4793,12.7072,14.4793,12.5019,26858300.0,603903
2026-07-28,12.2102,12.1129,12.9017,11.8968,15078924.0,603903
2026-07-29,11.9616,11.8428,12.2318,11.6483,13423636.0,603903
2026-07-30,11.6591,11.1296,12.1021,11.108,13905100.0,603903
2026-07-31,11.5618,11.832,12.0373,11.3781,15953996.0,603903
2026-08-03,11.9724,11.94,12.0589,11.6591,6802500.0,603903
2026-08-04,11.9832,12.3506,12.5992,11.94,8290400.0,603903
2026-08-05,12.3506,13.2151,13.5824,12.3182,18284669.0,603903
2026-08-06,13.3663,13.5068,13.6797,12.8585,12723000.0,603903
2026-08-07,13.4744,13.4312,13.6689,13.1826,7253344.0,603903
2026-08-10,13.4312,14.1335,14.2524,13.3123,9358348.0,603903
2026-08-11,13.7878,13.7013,14.22,13.5176,7813711.0,603903
2026-08-12,13.7229,13.9498,14.3712,13.7229,7366009.0,603903
2026-08-13,13.9931,15.3437,15.3437,13.9931,16231620.0,603903
2026-08-14,15.3005,15.2573,15.8624,14.8143,20471898.0,603903
2026-08-17,15.2573,15.7868,15.83,15.1276,13996761.0,603903
2026-08-18,15.6139,15.9488,16.0569,15.5166,10032160.0,603903
2026-08-19,15.6571,15.0844,15.9056,14.8575,12525140.0,603903
2026-08-20,15.16,15.7219,16.2838,15.0196,13041032.0,603903
2026-08-21,15.7219,15.3329,15.83,15.3005,9791380.0,603903
2026-08-24,15.2465,15.549,15.938,14.5657,17309600.0,603903
2026-08-25,15.441,15.3329,15.5598,15.0088,8094100.0,603903
2026-08-26,15.3005,15.2357,15.6031,15.0628,7253900.0,603903
2026-08-27,15.2897,15.106,15.3545,14.9547,7126300.0,603903
2026-08-28,15.0952,15.0736,15.1925,14.9007,4788400.0,603903
2026-08-31,14.9331,15.3221,15.4518,14.771,6821632.0,603903
2026-09-01,15.3221,15.2141,15.3221,14.717,6532100.0,603903
2026-09-02,15.0304,15.1384,15.6679,14.9223,6009900.0,603903
2026-09-03,15.2141,15.2357,15.6139,15.1168,5644496.0,603903
2026-09-04,15.3762,14.6846,15.549,14.6414,7815388.0,603903
